game_id,game_date,team_abbreviation,opponent,won_game,points,rebounds,assists
0022300776,2024-02-13,DET,LAL,False,111,50,30
0022300773,2024-02-13,MIL,MIA,False,97,38,24
0022300774,2024-02-13,SAC,PHX,False,125,50,27
0022300776,2024-02-13,LAL,DET,True,125,47,32
0022300771,2024-02-13,BKN,BOS,False,110,37,28
0022300771,2024-02-13,BOS,BKN,True,118,39,31
0022300775,2024-02-13,POR,MIN,False,109,44,26
0022300772,2024-02-13,ORL,OKC,False,113,48,29
0022300775,2024-02-13,MIN,POR,True,121,41,24
0022300773,2024-02-13,MIA,MIL,True,123,47,34
0022300772,2024-02-13,OKC,ORL,True,127,31,28
0022300774,2024-02-13,PHX,SAC,True,130,39,29
0022300767,2024-02-12,MIL,DEN,True,112,51,30
0022300768,2024-02-12,WAS,DAL,False,104,52,27
0022300765,2024-02-12,NYK,HOU,False,103,51,19
0022300768,2024-02-12,DAL,WAS,True,112,56,27
0022300762,2024-02-12,CLE,PHI,False,121,43,33
0022300770,2024-02-12,LAC,MIN,False,100,36,20
0022300762,2024-02-12,PHI,CLE,True,123,42,25
0022300765,2024-02-12,HOU,NYK,True,105,39,22
0022300764,2024-02-12,TOR,SAS,False,99,47,25
0022300766,2024-02-12,MEM,NOP,False,87,36,28
0022300770,2024-02-12,MIN,LAC,True,121,40,33
0022300761,2024-02-12,IND,CHA,False,102,32,31
0022300764,2024-02-12,SAS,TOR,True,122,46,37
0022300761,2024-02-12,CHA,IND,True,111,46,27
0022300767,2024-02-12,DEN,MIL,False,95,48,24
0022300766,2024-02-12,NOP,MEM,True,96,49,21
0022300769,2024-02-12,UTA,GSW,False,107,44,23
0022300763,2024-02-12,CHI,ATL,True,136,43,29
0022300763,2024-02-12,ATL,CHI,False,126,49,33
0022300769,2024-02-12,GSW,UTA,True,129,51,31
0022300760,2024-02-11,SAC,OKC,False,113,40,32
0022300759,2024-02-11,BOS,MIA,True,110,42,27
0022300760,2024-02-11,OKC,SAC,True,127,36,30
0022300759,2024-02-11,MIA,BOS,False,106,45,21
0022300749,2024-02-10,DET,LAC,False,106,57,27
0022300755,2024-02-10,NYK,IND,False,111,32,16
0022300755,2024-02-10,IND,NYK,True,125,41,30
0022300751,2024-02-10,CHA,MEM,True,115,43,30
0022300756,2024-02-10,CLE,TOR,True,119,47,36
0022300757,2024-02-10,PHX,GSW,False,112,42,28
0022300753,2024-02-10,WAS,PHI,False,113,39,28
0022300750,2024-02-10,SAS,BKN,False,103,41,20
0022300754,2024-02-10,HOU,ATL,False,113,58,22
0022300758,2024-02-10,POR,NOP,False,84,42,19
0022300754,2024-02-10,ATL,HOU,True,122,41,25
0022300751,2024-02-10,MEM,CHA,False,106,32,33
0022300749,2024-02-10,LAC,DET,True,112,35,20
0022300748,2024-02-10,DAL,OKC,True,146,54,30
0022300750,2024-02-10,BKN,SAS,True,123,41,31
0022300753,2024-02-10,PHI,WAS,True,119,48,28
0022300756,2024-02-10,TOR,CLE,False,95,40,22
0022300757,2024-02-10,GSW,PHX,True,113,52,33
0022300758,2024-02-10,NOP,POR,True,93,36,27
0022300748,2024-02-10,OKC,DAL,False,111,40,23
0022300752,2024-02-10,CHI,ORL,False,108,43,21
0022300752,2024-02-10,ORL,CHI,True,114,48,23
0022300744,2024-02-09,TOR,HOU,True,107,41,24
0022300745,2024-02-09,MIL,CHA,True,120,53,26
0022300745,2024-02-09,CHA,MIL,False,84,48,17
0022300742,2024-02-09,PHI,ATL,False,121,49,24
0022300742,2024-02-09,ATL,PHI,True,127,40,31
0022300743,2024-02-09,BOS,WAS,True,133,49,25
0022300746,2024-02-09,DEN,SAC,False,106,35,26
0022300744,2024-02-09,HOU,TOR,False,104,48,22
0022300747,2024-02-09,LAL,NOP,True,139,32,32
0022300747,2024-02-09,NOP,LAL,False,122,41,28
0022300746,2024-02-09,SAC,DEN,True,135,42,32
0022300743,2024-02-09,WAS,BOS,False,129,39,32
0022300739,2024-02-08,PHX,UTA,True,129,37,37
0022300733,2024-02-08,IND,GSW,False,109,30,31
0022300737,2024-02-08,CHI,MEM,True,118,46,24
0022300740,2024-02-08,LAL,DEN,False,106,39,27
0022300736,2024-02-08,NYK,DAL,False,108,46,27
0022300735,2024-02-08,CLE,BKN,True,118,48,26
0022300738,2024-02-08,MIL,MIN,False,105,35,35
0022300737,2024-02-08,MEM,CHI,False,110,34,26
0022300741,2024-02-08,DET,POR,True,128,45,26
0022300740,2024-02-08,DEN,LAL,True,114,50,33
0022300741,2024-02-08,POR,DET,False,122,38,29
0022300734,2024-02-08,ORL,SAS,True,127,39,34
0022300738,2024-02-08,MIN,MIL,True,129,43,34
0022300739,2024-02-08,UTA,PHX,False,115,52,28
0022300735,2024-02-08,BKN,CLE,False,95,34,22
0022300736,2024-02-08,DAL,NYK,True,122,40,30
0022300733,2024-02-08,GSW,IND,True,131,49,33
0022300734,2024-02-08,SAS,ORL,False,111,27,29
0022300727,2024-02-07,PHI,GSW,False,104,40,21
0022300726,2024-02-07,TOR,CHA,True,123,41,30
0022300728,2024-02-07,WAS,CLE,False,106,47,27
0022300729,2024-02-07,BOS,ATL,True,125,45,33
0022300732,2024-02-07,DET,SAC,True,133,48,32
0022300732,2024-02-07,SAC,DET,False,120,33,31
0022300727,2024-02-07,GSW,PHI,True,127,52,30
0022300729,2024-02-07,ATL,BOS,False,117,49,24
0022300726,2024-02-07,CHA,TOR,False,117,38,27
0022300731,2024-02-07,LAC,NOP,False,106,37,23
0022300731,2024-02-07,NOP,LAC,True,117,38,30
0022300730,2024-02-07,SAS,MIA,False,104,46,30
0022300728,2024-02-07,CLE,WAS,True,114,46,25
0022300730,2024-02-07,MIA,SAS,True,116,45,29
0022300721,2024-02-06,MIA,ORL,True,121,45,31
0022300719,2024-02-06,IND,HOU,True,132,25,35
0022300720,2024-02-06,BKN,DAL,False,107,43,33
0022300722,2024-02-06,MEM,NYK,False,113,35,33
0022300723,2024-02-06,CHI,MIN,True,129,48,24
0022300723,2024-02-06,MIN,CHI,False,123,42,28
0022300725,2024-02-06,PHX,MIL,True,114,49,17
0022300724,2024-02-06,UTA,OKC,True,124,48,29
0022300720,2024-02-06,DAL,BKN,True,119,45,25
0022300721,2024-02-06,ORL,MIA,False,95,39,25
0022300719,2024-02-06,HOU,IND,False,129,48,26
0022300725,2024-02-06,MIL,PHX,False,106,44,23
0022300722,2024-02-06,NYK,MEM,True,123,37,28
0022300724,2024-02-06,OKC,UTA,False,117,32,26
0022300715,2024-02-05,DAL,PHI,True,118,44,28
0022300716,2024-02-05,LAC,ATL,True,149,36,32
0022300713,2024-02-05,CHA,LAL,False,118,34,26
0022300713,2024-02-05,LAL,CHA,True,124,48,36
0022300718,2024-02-05,TOR,NOP,False,100,38,27
0022300714,2024-02-05,CLE,SAC,True,136,45,36
0022300714,2024-02-05,SAC,CLE,False,110,40,28
0022300717,2024-02-05,BKN,GSW,False,98,38,23
0022300715,2024-02-05,PHI,DAL,False,102,51,20
0022300716,2024-02-05,ATL,LAC,False,144,39,35
0022300717,2024-02-05,GSW,BKN,True,109,60,24
0022300718,2024-02-05,NOP,TOR,True,138,51,36
0022300709,2024-02-04,MIN,HOU,True,111,58,21
0022300711,2024-02-04,MIL,UTA,False,108,32,27
0022300712,2024-02-04,DEN,POR,True,112,42,26
0022300706,2024-02-04,BOS,MEM,True,131,57,30
0022300712,2024-02-04,POR,DEN,False,103,42,29
0022300706,2024-02-04,MEM,BOS,False,91,46,19
0022300710,2024-02-04,TOR,OKC,False,127,48,38
0022300705,2024-02-04,PHX,WAS,True,140,42,33
0022300709,2024-02-04,HOU,MIN,False,90,41,20
0022300704,2024-02-04,DET,ORL,False,99,36,22
0022300707,2024-02-04,CHA,IND,False,99,43,18
0022300705,2024-02-04,WAS,PHX,False,112,35,32
0022300707,2024-02-04,IND,CHA,True,115,49,34
0022300711,2024-02-04,UTA,MIL,True,123,52,31
0022300710,2024-02-04,OKC,TOR,True,135,45,40
0022300704,2024-02-04,ORL,DET,True,111,37,22
0022300708,2024-02-04,MIA,LAC,False,95,45,24
0022300708,2024-02-04,LAC,MIA,True,103,48,23
0022300702,2024-02-03,MIL,DAL,True,129,36,34
0022300699,2024-02-03,GSW,ATL,False,134,57,26
0022300700,2024-02-03,SAC,CHI,True,123,40,33
0022300703,2024-02-03,CLE,SAS,True,117,51,31
0022300701,2024-02-03,LAL,NYK,True,113,38,28
0022300698,2024-02-03,PHI,BKN,False,121,44,26
0022300701,2024-02-03,NYK,LAL,False,105,51,21
0022300702,2024-02-03,DAL,MIL,False,117,42,22
0022300699,2024-02-03,ATL,GSW,True,141,57,27
0022300700,2024-02-03,CHI,SAC,False,115,47,24
0022300703,2024-02-03,SAS,CLE,False,101,54,23
0022300698,2024-02-03,BKN,PHI,True,136,53,35
0022300694,2024-02-02,MIN,ORL,False,106,38,24
0022300690,2024-02-02,ATL,PHX,True,129,43,29
0022300692,2024-02-02,TOR,HOU,False,106,37,17
0022300691,2024-02-02,IND,SAC,False,122,39,23
0022300697,2024-02-02,POR,DEN,False,108,37,14
0022300696,2024-02-02,NOP,SAS,True,114,39,29
0022300695,2024-02-02,OKC,CHA,True,126,44,31
0022300688,2024-02-02,DET,LAC,False,125,38,28
0022300692,2024-02-02,HOU,TOR,True,135,49,30
0022300693,2024-02-02,MEM,GSW,False,101,37,30
0022300691,2024-02-02,SAC,IND,True,133,38,26
0022300694,2024-02-02,ORL,MIN,True,108,42,24
0022300689,2024-02-02,WAS,MIA,False,102,43,28
0022300696,2024-02-02,SAS,NOP,False,113,55,35
0022300690,2024-02-02,PHX,ATL,False,120,38,31
0022300693,2024-02-02,GSW,MEM,True,121,46,32
0022300695,2024-02-02,CHA,OKC,False,106,35,22
0022300688,2024-02-02,LAC,DET,True,136,36,31
0022300697,2024-02-02,DEN,POR,True,120,48,34
0022300689,2024-02-02,MIA,WAS,True,110,59,24
0022300687,2024-02-01,MEM,CLE,False,101,43,25
0022300685,2024-02-01,NYK,IND,True,109,60,15
0022300685,2024-02-01,IND,NYK,False,105,44,21
0022300687,2024-02-01,CLE,MEM,True,108,48,26
0022300686,2024-02-01,UTA,PHI,False,124,43,36
0022300686,2024-02-01,PHI,UTA,True,127,40,27
0022300684,2024-02-01,BOS,LAL,False,105,54,30
0022300684,2024-02-01,LAL,BOS,True,114,52,30
0022300674,2024-01-31,CHI,CHA,True,117,44,28
0022300677,2024-01-31,BKN,PHX,False,120,27,28
0022300674,2024-01-31,CHA,CHI,False,110,40,25
0022300679,2024-01-31,NOP,HOU,True,110,56,20
0022300683,2024-01-31,POR,MIL,True,119,39,26
0022300681,2024-01-31,ORL,SAS,True,108,45,29
0022300676,2024-01-31,LAC,WAS,True,125,52,25
0022300683,2024-01-31,MIL,POR,False,116,39,27
0022300681,2024-01-31,SAS,ORL,False,98,41,24
0022300680,2024-01-31,MIN,DAL,True,121,45,31
0022300680,2024-01-31,DAL,MIN,False,87,31,18
0022300679,2024-01-31,HOU,NOP,False,99,29,19
0022300677,2024-01-31,PHX,BKN,True,136,42,35
0022300675,2024-01-31,CLE,DET,True,128,33,26
0022300682,2024-01-31,DEN,OKC,False,100,47,21
0022300675,2024-01-31,DET,CLE,False,121,35,27
0022300678,2024-01-31,SAC,MIA,False,106,44,26
0022300676,2024-01-31,WAS,LAC,False,109,45,19
0022300678,2024-01-31,MIA,SAC,True,115,49,38
0022300682,2024-01-31,OKC,DEN,True,105,53,24
0022300670,2024-01-30,BOS,IND,True,129,40,25
0022300671,2024-01-30,NYK,UTA,True,118,45,29
0022300672,2024-01-30,CHI,TOR,False,107,33,21
0022300671,2024-01-30,UTA,NYK,False,103,43,23
0022300669,2024-01-30,LAL,ATL,False,122,37,28
0022300669,2024-01-30,ATL,LAL,True,138,46,32
0022300670,2024-01-30,IND,BOS,False,124,50,33
0022300673,2024-01-30,PHI,GSW,False,107,39,11
0022300673,2024-01-30,GSW,PHI,True,119,42,32
0022300672,2024-01-30,TOR,CHI,True,118,38,34
0022300663,2024-01-29,SAC,MEM,True,103,51,24
0022300662,2024-01-29,HOU,LAL,True,135,56,36
0022300664,2024-01-29,MIN,OKC,True,107,45,21
0022300658,2024-01-29,CLE,LAC,True,118,46,28
0022300661,2024-01-29,PHX,MIA,True,118,47,30
0022300665,2024-01-29,WAS,SAS,True,118,45,32
0022300667,2024-01-29,MIL,DEN,False,107,40,24
0022300657,2024-01-29,CHA,NYK,False,92,41,23
0022300668,2024-01-29,PHI,POR,False,104,34,17
0022300666,2024-01-29,DAL,ORL,True,131,35,27
0022300665,2024-01-29,SAS,WAS,False,113,36,31
0022300668,2024-01-29,POR,PHI,True,130,39,29
0022300659,2024-01-29,BOS,NOP,True,118,40,27
0022300660,2024-01-29,UTA,BKN,False,114,44,23
0022300659,2024-01-29,NOP,BOS,False,112,40,21
0022300661,2024-01-29,MIA,PHX,False,105,44,20
0022300664,2024-01-29,OKC,MIN,False,101,38,21
0022300660,2024-01-29,BKN,UTA,True,147,50,41
0022300667,2024-01-29,DEN,MIL,True,113,47,29
0022300663,2024-01-29,MEM,SAC,False,94,37,22
0022300666,2024-01-29,ORL,DAL,False,129,35,27
0022300658,2024-01-29,LAC,CLE,False,108,37,28
0022300662,2024-01-29,LAL,HOU,False,119,35,26
0022300657,2024-01-29,NYK,CHA,True,113,42,25
0022300654,2024-01-28,DET,OKC,True,120,53,27
0022300656,2024-01-28,POR,CHI,False,96,48,22
0022300653,2024-01-28,ATL,TOR,True,126,51,27
0022300653,2024-01-28,TOR,ATL,False,125,46,29
0022300652,2024-01-28,IND,MEM,True,116,44,31
0022300654,2024-01-28,OKC,DET,False,104,43,17
0022300652,2024-01-28,MEM,IND,False,110,45,20
0022300655,2024-01-28,ORL,PHX,True,113,40,30
0022300656,2024-01-28,CHI,POR,True,104,40,27
0022300655,2024-01-28,PHX,ORL,False,98,39,19
0022300647,2024-01-27,UTA,CHA,True,134,49,38
0022300643,2024-01-27,NYK,MIA,True,125,46,25
0022300648,2024-01-27,NOP,MIL,False,117,43,20
0022300644,2024-01-27,DEN,PHI,True,111,44,25
0022300646,2024-01-27,LAC,BOS,True,115,58,28
0022300650,2024-01-27,GSW,LAL,False,144,50,37
0022300647,2024-01-27,CHA,UTA,False,122,35,35
0022300646,2024-01-27,BOS,LAC,False,96,52,21
0022300648,2024-01-27,MIL,NOP,True,141,45,30
0022300645,2024-01-27,BKN,HOU,True,106,40,24
0022300651,2024-01-27,SAC,DAL,True,120,39,27
0022300651,2024-01-27,DAL,SAC,False,115,43,35
0022300645,2024-01-27,HOU,BKN,False,104,55,20
0022300650,2024-01-27,LAL,GSW,True,145,55,33
0022300643,2024-01-27,MIA,NYK,False,109,38,26
0022300649,2024-01-27,MIN,SAS,False,112,32,30
0022300642,2024-01-27,DET,WAS,False,104,45,22
0022300642,2024-01-27,WAS,DET,True,118,50,26
0022300649,2024-01-27,SAS,MIN,True,113,39,35
0022300644,2024-01-27,PHI,DEN,False,105,39,25
0022300636,2024-01-26,PHX,IND,False,131,38,24
0022300635,2024-01-26,CHA,HOU,False,104,32,20
0022300634,2024-01-26,DAL,ATL,True,148,37,28
0022300637,2024-01-26,LAC,TOR,True,127,50,29
0022300640,2024-01-26,OKC,NOP,True,107,45,22
0022300634,2024-01-26,ATL,DAL,False,143,36,32
0022300639,2024-01-26,MIL,CLE,False,100,51,21
0022300641,2024-01-26,POR,SAS,False,100,37,23
0022300640,2024-01-26,NOP,OKC,False,83,41,24
0022300636,2024-01-26,IND,PHX,True,133,48,34
0022300637,2024-01-26,TOR,LAC,False,107,45,26
0022300635,2024-01-26,HOU,CHA,True,138,53,34
0022300638,2024-01-26,MEM,ORL,True,107,43,30
0022300639,2024-01-26,CLE,MIL,True,112,51,20
0022300638,2024-01-26,ORL,MEM,False,106,40,21
0022300641,2024-01-26,SAS,POR,True,116,59,30
0022300630,2024-01-25,MIA,BOS,False,110,31,25
0022300628,2024-01-25,WAS,UTA,False,108,35,33
0022300629,2024-01-25,MIN,BKN,True,96,38,24
0022300629,2024-01-25,BKN,MIN,False,94,32,22
0022300628,2024-01-25,UTA,WAS,True,123,52,34
0022300627,2024-01-25,IND,PHI,True,134,55,35
0022300631,2024-01-25,DEN,NYK,False,84,40,20
0022300633,2024-01-25,LAL,CHI,True,141,30,35
0022300633,2024-01-25,CHI,LAL,False,132,39,27
0022300632,2024-01-25,GSW,SAC,False,133,33,30
0022300631,2024-01-25,NYK,DEN,True,122,44,26
0022300627,2024-01-25,PHI,IND,False,122,31,24
0022300630,2024-01-25,BOS,MIA,True,143,47,36
0022300632,2024-01-25,SAC,GSW,True,134,34,33
0022300619,2024-01-24,DET,CHA,True,113,44,26
0022300625,2024-01-24,PHX,DAL,True,132,49,30
0022300620,2024-01-24,WAS,MIN,False,107,49,31
0022300626,2024-01-24,ATL,GSW,False,112,45,30
0022300625,2024-01-24,DAL,PHX,False,109,33,25
0022300620,2024-01-24,MIN,WAS,True,118,48,26
0022300621,2024-01-24,MEM,MIA,True,105,44,30
0022300623,2024-01-24,POR,HOU,True,137,48,31
0022300622,2024-01-24,OKC,SAS,True,140,47,36
0022300619,2024-01-24,CHA,DET,False,106,48,27
0022300624,2024-01-24,MIL,CLE,True,126,46,24
0022300623,2024-01-24,HOU,POR,False,131,37,29
0022300624,2024-01-24,CLE,MIL,False,116,39,26
0022300621,2024-01-24,MIA,MEM,False,96,44,21
0022300622,2024-01-24,SAS,OKC,False,114,38,30
0022300626,2024-01-24,GSW,ATL,True,134,49,26
0022300615,2024-01-23,BKN,NYK,False,103,40,29
0022300615,2024-01-23,NYK,BKN,True,108,42,21
0022300616,2024-01-23,UTA,NOP,False,124,38,27
0022300617,2024-01-23,OKC,POR,True,111,43,23
0022300616,2024-01-23,NOP,UTA,True,153,57,41
0022300618,2024-01-23,LAL,LAC,False,116,41,27
0022300617,2024-01-23,POR,OKC,False,109,46,27
0022300614,2024-01-23,DEN,IND,True,114,42,22
0022300614,2024-01-23,IND,DEN,False,109,38,24
0022300618,2024-01-23,LAC,LAL,True,127,36,33
0022300607,2024-01-22,ORL,CLE,False,99,34,25
0022300609,2024-01-22,MEM,TOR,True,108,47,30
0022300608,2024-01-22,PHI,SAS,True,133,48,28
0022300606,2024-01-22,DET,MIL,False,113,42,25
0022300609,2024-01-22,TOR,MEM,False,100,47,31
0022300606,2024-01-22,MIL,DET,True,122,49,26
0022300610,2024-01-22,MIN,CHA,False,125,36,34
0022300612,2024-01-22,PHX,CHI,True,115,39,32
0022300613,2024-01-22,SAC,ATL,True,122,51,22
0022300610,2024-01-22,CHA,MIN,True,128,35,30
0022300607,2024-01-22,CLE,ORL,True,126,39,29
0022300611,2024-01-22,BOS,DAL,True,119,44,26
0022300613,2024-01-22,ATL,SAC,False,107,50,19
0022300608,2024-01-22,SAS,PHI,False,123,43,29
0022300611,2024-01-22,DAL,BOS,False,110,48,24
0022300612,2024-01-22,CHI,PHX,False,113,47,25
0022300604,2024-01-21,IND,PHX,False,110,40,28
0022300605,2024-01-21,LAL,POR,True,134,45,28
0022300602,2024-01-21,WAS,DEN,False,104,40,31
0022300602,2024-01-21,DEN,WAS,True,113,50,29
0022300601,2024-01-21,ORL,MIA,True,105,44,21
0022300601,2024-01-21,MIA,ORL,False,87,36,22
0022300605,2024-01-21,POR,LAL,False,110,35,24
0022300603,2024-01-21,BOS,HOU,True,116,55,31
0022300604,2024-01-21,PHX,IND,True,117,44,25
0022300603,2024-01-21,HOU,BOS,False,107,49,26
0022300600,2024-01-21,BKN,LAC,False,114,36,29
0022300600,2024-01-21,LAC,BKN,True,125,45,26
0022300593,2024-01-20,PHI,CHA,True,97,46,21
0022300595,2024-01-20,ATL,CLE,False,95,45,25
0022300594,2024-01-20,WAS,SAS,False,127,46,28
0022300599,2024-01-20,MIN,OKC,False,97,50,22
0022300598,2024-01-20,HOU,UTA,True,127,56,27
0022300595,2024-01-20,CLE,ATL,True,116,49,32
0022300594,2024-01-20,SAS,WAS,True,131,49,38
0022300597,2024-01-20,MEM,CHI,False,96,32,28
0022300593,2024-01-20,CHA,PHI,False,89,47,23
0022300598,2024-01-20,UTA,HOU,False,126,59,28
0022300599,2024-01-20,OKC,MIN,True,102,37,21
0022300596,2024-01-20,NYK,TOR,True,126,61,27
0022300596,2024-01-20,TOR,NYK,False,100,31,29
0022300597,2024-01-20,CHI,MEM,True,125,52,32
0022300592,2024-01-20,MIL,DET,True,141,49,30
0022300592,2024-01-20,DET,MIL,False,135,40,30
0022300590,2024-01-19,POR,IND,True,118,47,18
0022300584,2024-01-19,SAS,CHA,False,120,34,36
0022300587,2024-01-19,MIA,ATL,False,108,44,21
0022300586,2024-01-19,DEN,BOS,True,102,47,20
0022300586,2024-01-19,BOS,DEN,False,100,38,21
0022300591,2024-01-19,BKN,LAL,True,130,41,31
0022300585,2024-01-19,PHI,ORL,True,124,42,23
0022300588,2024-01-19,NOP,PHX,False,109,42,27
0022300591,2024-01-19,LAL,BKN,False,112,44,31
0022300585,2024-01-19,ORL,PHI,False,109,36,24
0022300588,2024-01-19,PHX,NOP,True,123,48,32
0022300584,2024-01-19,CHA,SAS,True,124,40,25
0022300587,2024-01-19,ATL,MIA,True,109,38,23
0022300590,2024-01-19,IND,POR,False,115,37,34
0022300579,2024-01-18,WAS,NYK,False,109,46,31
0022300581,2024-01-18,OKC,UTA,True,134,38,36
0022300583,2024-01-18,IND,SAC,True,126,34,33
0022300583,2024-01-18,SAC,IND,False,121,38,27
0022300580,2024-01-18,CHI,TOR,True,116,42,30
0022300580,2024-01-18,TOR,CHI,False,110,38,31
0022300579,2024-01-18,NYK,WAS,True,113,47,22
0022300582,2024-01-18,MIN,MEM,True,118,39,30
0022300582,2024-01-18,MEM,MIN,False,103,34,22
0022300581,2024-01-18,UTA,OKC,False,129,38,33
0022300573,2024-01-17,HOU,NYK,False,94,38,23
0022300573,2024-01-17,NYK,HOU,True,109,51,24
0022300577,2024-01-17,DAL,LAL,False,110,43,26
0022300577,2024-01-17,LAL,DAL,True,127,45,33
0022300572,2024-01-17,MIL,CLE,False,95,36,19
0022300572,2024-01-17,CLE,MIL,True,135,55,36
0022300574,2024-01-17,MIA,TOR,False,97,37,24
0022300569,2024-01-17,MIN,DET,True,124,42,32
0022300575,2024-01-17,NOP,CHA,True,132,50,32
0022300570,2024-01-17,ORL,ATL,False,104,40,18
0022300578,2024-01-17,POR,BKN,True,105,41,21
0022300571,2024-01-17,SAS,BOS,False,98,41,26
0022300571,2024-01-17,BOS,SAS,True,117,54,22
0022300578,2024-01-17,BKN,POR,False,103,33,28
0022300569,2024-01-17,DET,MIN,False,117,40,30
0022300575,2024-01-17,CHA,NOP,False,112,41,29
0022300574,2024-01-17,TOR,MIA,True,121,45,34
0022300570,2024-01-17,ATL,ORL,True,106,41,21
0022300568,2024-01-16,OKC,LAC,False,117,35,30
0022300566,2024-01-16,DEN,PHI,False,121,46,23
0022300568,2024-01-16,LAC,OKC,True,128,39,30
0022300566,2024-01-16,PHI,DEN,True,126,32,27
0022300567,2024-01-16,SAC,PHX,False,117,31,34
0022300567,2024-01-16,PHX,SAC,True,119,46,32
0022300561,2024-01-15,CHI,CLE,False,91,43,21
0022300556,2024-01-15,DAL,NOP,True,125,42,24
0022300564,2024-01-15,IND,UTA,False,105,43,27
0022300560,2024-01-15,GSW,MEM,False,107,45,28
0022300559,2024-01-15,SAS,ATL,False,99,44,27
0022300562,2024-01-15,MIA,BKN,True,96,54,22
0022300563,2024-01-15,BOS,TOR,True,105,53,20
0022300558,2024-01-15,DET,WAS,True,129,52,30
0022300562,2024-01-15,BKN,MIA,False,95,50,26
0022300556,2024-01-15,NOP,DAL,False,120,37,21
0022300564,2024-01-15,UTA,IND,True,132,46,29
0022300565,2024-01-15,OKC,LAL,False,105,40,23
0022300558,2024-01-15,WAS,DET,False,117,33,30
0022300565,2024-01-15,LAL,OKC,True,112,44,30
0022300555,2024-01-15,HOU,PHI,False,115,46,21
0022300561,2024-01-15,CLE,CHI,True,109,48,28
0022300555,2024-01-15,PHI,HOU,True,124,41,25
0022300563,2024-01-15,TOR,BOS,False,96,52,25
0022300559,2024-01-15,ATL,SAS,True,109,57,24
0022300557,2024-01-15,ORL,NYK,True,98,46,26
0022300560,2024-01-15,MEM,GSW,True,116,42,24
0022300557,2024-01-15,NYK,ORL,False,94,41,20
0022300553,2024-01-14,LAC,MIN,False,105,34,28
0022300554,2024-01-14,POR,PHX,False,116,36,23
0022300551,2024-01-14,CHA,MIA,False,87,50,17
0022300550,2024-01-14,DEN,IND,True,117,40,31
0022300551,2024-01-14,MIA,CHA,True,104,44,27
0022300552,2024-01-14,MIL,SAC,True,143,40,31
0022300550,2024-01-14,IND,DEN,False,109,37,28
0022300552,2024-01-14,SAC,MIL,False,142,47,34
0022300553,2024-01-14,MIN,LAC,True,109,41,25
0022300554,2024-01-14,PHX,POR,True,127,41,27
0022300547,2024-01-13,DAL,NOP,False,108,34,23
0022300543,2024-01-13,WAS,ATL,True,127,54,32
0022300545,2024-01-13,GSW,MIL,False,118,41,23
0022300546,2024-01-13,OKC,ORL,True,112,46,23
0022300548,2024-01-13,SAS,CHI,False,116,47,26
0022300542,2024-01-13,BOS,HOU,True,145,50,26
0022300549,2024-01-13,LAL,UTA,False,125,40,30
0022300542,2024-01-13,HOU,BOS,False,113,50,20
0022300546,2024-01-13,ORL,OKC,False,100,50,21
0022300548,2024-01-13,CHI,SAS,True,122,47,31
0022300547,2024-01-13,NOP,DAL,True,118,44,29
0022300549,2024-01-13,UTA,LAL,True,132,52,28
0022300544,2024-01-13,NYK,MEM,True,106,56,25
0022300543,2024-01-13,ATL,WAS,False,99,50,21
0022300544,2024-01-13,MEM,NYK,False,94,35,27
0022300545,2024-01-13,MIL,GSW,True,129,50,33
0022300540,2024-01-12,UTA,TOR,True,145,56,34
0022300536,2024-01-12,CHI,GSW,False,131,36,31
0022300537,2024-01-12,LAC,MEM,True,128,43,22
0022300532,2024-01-12,SAC,PHI,False,93,54,20
0022300535,2024-01-12,ORL,MIA,False,96,38,26
0022300541,2024-01-12,SAS,CHA,True,135,45,31
0022300534,2024-01-12,DET,HOU,False,110,46,32
0022300533,2024-01-12,ATL,IND,False,108,28,25
0022300533,2024-01-12,IND,ATL,True,126,45,41
0022300537,2024-01-12,MEM,LAC,False,119,46,30
0022300539,2024-01-12,DEN,NOP,True,125,48,30
0022300534,2024-01-12,HOU,DET,True,112,41,21
0022300539,2024-01-12,NOP,DEN,False,113,35,30
0022300532,2024-01-12,PHI,SAC,True,112,46,23
0022300541,2024-01-12,CHA,SAS,False,99,44,22
0022300538,2024-01-12,POR,MIN,False,93,38,18
0022300536,2024-01-12,GSW,CHI,True,140,44,39
0022300540,2024-01-12,TOR,UTA,False,113,31,25
0022300538,2024-01-12,MIN,POR,True,116,45,35
0022300535,2024-01-12,MIA,ORL,True,99,41,23
0022300530,2024-01-11,NYK,DAL,False,124,45,27
0022300530,2024-01-11,DAL,NYK,True,128,38,27
0022300527,2024-01-11,CLE,BKN,True,111,47,16
0022300527,2024-01-11,BKN,CLE,False,102,41,18
0022300529,2024-01-11,POR,OKC,False,77,42,16
0022300528,2024-01-11,BOS,MIL,False,102,31,22
0022300531,2024-01-11,LAL,PHX,False,109,37,33
0022300529,2024-01-11,OKC,POR,True,139,59,41
0022300531,2024-01-11,PHX,LAL,True,127,46,23
0022300528,2024-01-11,MIL,BOS,True,135,54,34
0022300520,2024-01-10,WAS,IND,False,104,46,24
0022300520,2024-01-10,IND,WAS,True,112,54,31
0022300523,2024-01-10,CHI,HOU,True,124,46,31
0022300521,2024-01-10,PHI,ATL,False,132,51,26
0022300526,2024-01-10,LAC,TOR,True,126,36,34
0022300523,2024-01-10,HOU,CHI,False,119,50,29
0022300525,2024-01-10,GSW,NOP,False,105,43,24
0022300521,2024-01-10,ATL,PHI,True,139,55,32
0022300522,2024-01-10,MIA,OKC,False,120,38,25
0022300526,2024-01-10,TOR,LAC,False,120,37,31
0022300517,2024-01-10,MIN,BOS,False,120,47,22
0022300518,2024-01-10,CHA,SAC,False,98,36,17
0022300524,2024-01-10,DEN,UTA,False,111,34,26
0022300518,2024-01-10,SAC,CHA,True,123,53,24
0022300524,2024-01-10,UTA,DEN,True,124,40,34
0022300525,2024-01-10,NOP,GSW,True,141,47,37
0022300519,2024-01-10,DET,SAS,False,108,43,33
0022300522,2024-01-10,OKC,MIA,True,128,42,36
0022300519,2024-01-10,SAS,DET,True,130,46,36
0022300517,2024-01-10,BOS,MIN,True,127,46,21
0022300513,2024-01-09,ORL,MIN,False,92,46,20
0022300512,2024-01-09,SAC,DET,True,131,44,39
0022300512,2024-01-09,DET,SAC,False,110,40,27
0022300516,2024-01-09,LAL,TOR,True,132,39,34
0022300514,2024-01-09,NYK,POR,True,112,55,26
0022300514,2024-01-09,POR,NYK,False,84,43,19
0022300513,2024-01-09,MIN,ORL,True,113,48,34
0022300515,2024-01-09,DAL,MEM,False,103,33,20
0022300515,2024-01-09,MEM,DAL,True,120,54,27
0022300516,2024-01-09,TOR,LAL,False,131,37,34
0022300507,2024-01-08,BOS,IND,False,131,42,26
0022300511,2024-01-08,PHX,LAC,False,111,25,17
0022300507,2024-01-08,IND,BOS,True,133,39,29
0022300506,2024-01-08,CHI,CHA,True,119,51,27
0022300508,2024-01-08,OKC,WAS,True,136,40,37
0022300509,2024-01-08,MIA,HOU,True,120,45,30
0022300510,2024-01-08,UTA,MIL,True,132,47,33
0022300510,2024-01-08,MIL,UTA,False,116,38,31
0022300506,2024-01-08,CHA,CHI,False,112,44,26
0022300511,2024-01-08,LAC,PHX,True,138,44,32
0022300509,2024-01-08,HOU,MIA,False,113,42,20
0022300508,2024-01-08,WAS,OKC,False,128,38,32
0022300497,2024-01-07,CLE,SAS,True,117,44,27
0022300503,2024-01-07,MEM,PHX,True,121,54,29
0022300500,2024-01-07,SAC,NOP,False,100,25,28
0022300498,2024-01-07,POR,BKN,True,134,38,21
0022300501,2024-01-07,DAL,MIN,True,115,44,20
0022300505,2024-01-07,LAC,LAL,False,103,40,21
0022300503,2024-01-07,PHX,MEM,False,115,50,29
0022300497,2024-01-07,SAS,CLE,False,115,40,22
0022300499,2024-01-07,ORL,ATL,True,117,57,25
0022300498,2024-01-07,BKN,POR,False,127,44,29
0022300505,2024-01-07,LAL,LAC,True,106,40,23
0022300499,2024-01-07,ATL,ORL,False,110,50,21
0022300501,2024-01-07,MIN,DAL,False,108,51,22
0022300502,2024-01-07,DET,DEN,False,114,37,28
0022300504,2024-01-07,GSW,TOR,False,118,43,30
0022300504,2024-01-07,TOR,GSW,True,133,45,38
0022300502,2024-01-07,DEN,DET,True,131,38,35
0022300500,2024-01-07,NOP,SAC,True,133,51,35
0022300496,2024-01-06,HOU,MIL,True,112,46,22
0022300494,2024-01-06,NYK,WAS,True,121,45,27
0022300494,2024-01-06,WAS,NYK,False,105,45,33
0022300493,2024-01-06,IND,BOS,False,101,38,23
0022300495,2024-01-06,UTA,PHI,True,120,48,30
0022300496,2024-01-06,MIL,HOU,False,108,41,20
0022300493,2024-01-06,BOS,IND,True,118,56,26
0022300495,2024-01-06,PHI,UTA,False,109,34,30
0022300484,2024-01-05,CHA,CHI,False,91,42,20
0022300484,2024-01-05,CHI,CHA,True,104,41,29
0022300482,2024-01-05,WAS,CLE,False,90,31,19
0022300487,2024-01-05,DAL,POR,True,139,52,35
0022300481,2024-01-05,BKN,OKC,True,124,51,25
0022300480,2024-01-05,IND,ATL,True,150,39,50
0022300492,2024-01-05,SAC,TOR,True,135,42,35
0022300492,2024-01-05,TOR,SAC,False,130,37,31
0022300487,2024-01-05,POR,DAL,False,103,42,27
0022300489,2024-01-05,PHX,MIA,True,113,44,30
0022300490,2024-01-05,DET,GSW,False,109,40,25
0022300491,2024-01-05,LAL,MEM,False,113,35,26
0022300488,2024-01-05,DEN,ORL,False,120,38,28
0022300491,2024-01-05,MEM,LAL,True,127,44,33
0022300483,2024-01-05,PHI,NYK,False,92,38,22
0022300479,2024-01-05,BOS,UTA,True,126,56,24
0022300481,2024-01-05,OKC,BKN,False,115,36,29
0022300486,2024-01-05,LAC,NOP,True,111,50,28
0022300480,2024-01-05,ATL,IND,False,116,39,21
0022300485,2024-01-05,HOU,MIN,False,95,38,18
0022300489,2024-01-05,MIA,PHX,False,97,44,26
0022300482,2024-01-05,CLE,WAS,True,114,52,31
0022300483,2024-01-05,NYK,PHI,True,128,49,27
0022300488,2024-01-05,ORL,DEN,True,122,40,25
0022300490,2024-01-05,GSW,DET,True,113,45,24
0022300485,2024-01-05,MIN,HOU,True,122,52,31
0022300486,2024-01-05,NOP,LAC,False,95,43,22
0022300479,2024-01-05,UTA,BOS,False,97,57,23
0022300478,2024-01-04,GSW,DEN,False,127,33,35
0022300477,2024-01-04,SAS,MIL,False,121,42,31
0022300478,2024-01-04,DEN,GSW,True,130,36,28
0022300477,2024-01-04,MIL,SAS,True,125,42,27
0022300476,2024-01-03,ORL,SAC,False,135,39,33
0022300467,2024-01-03,ATL,OKC,True,141,49,30
0022300474,2024-01-03,DET,UTA,False,148,48,33
0022300473,2024-01-03,LAC,PHX,True,131,36,25
0022300467,2024-01-03,OKC,ATL,False,138,37,30
0022300466,2024-01-03,MIL,IND,False,130,42,30
0022300470,2024-01-03,MEM,TOR,False,111,43,25
0022300469,2024-01-03,HOU,BKN,True,112,48,27
0022300466,2024-01-03,IND,MIL,True,142,44,34
0022300473,2024-01-03,PHX,LAC,False,122,32,23
0022300475,2024-01-03,LAL,MIA,False,96,50,29
0022300472,2024-01-03,POR,DAL,False,97,46,23
0022300475,2024-01-03,MIA,LAL,True,110,39,30
0022300471,2024-01-03,MIN,NOP,False,106,28,26
0022300470,2024-01-03,TOR,MEM,True,116,46,25
0022300465,2024-01-03,WAS,CLE,False,101,36,22
0022300474,2024-01-03,UTA,DET,True,154,43,28
0022300465,2024-01-03,CLE,WAS,True,140,62,37
0022300468,2024-01-03,NYK,CHI,True,116,52,29
0022300468,2024-01-03,CHI,NYK,False,100,39,24
0022300472,2024-01-03,DAL,POR,True,126,43,25
0022300469,2024-01-03,BKN,HOU,False,101,50,25
0022300471,2024-01-03,NOP,MIN,True,117,41,30
0022300476,2024-01-03,SAC,ORL,True,138,58,36
0022300462,2024-01-02,BOS,OKC,False,123,47,33
0022300460,2024-01-02,SAS,MEM,False,98,40,21
0022300464,2024-01-02,SAC,CHA,False,104,48,23
0022300463,2024-01-02,GSW,ORL,True,121,36,23
0022300463,2024-01-02,ORL,GSW,False,115,41,19
0022300460,2024-01-02,MEM,SAS,True,106,46,24
0022300461,2024-01-02,NOP,BKN,True,112,53,23
0022300461,2024-01-02,BKN,NOP,False,85,43,26
0022300459,2024-01-02,PHI,CHI,True,110,43,28
0022300464,2024-01-02,CHA,SAC,True,111,35,23
0022300462,2024-01-02,OKC,BOS,True,127,38,34
0022300459,2024-01-02,CHI,PHI,False,97,51,17
0022300452,2024-01-01,TOR,CLE,True,124,47,25
0022300458,2024-01-01,MIA,LAC,False,104,35,24
0022300453,2024-01-01,DET,HOU,False,113,37,27
0022300451,2024-01-01,MIN,NYK,False,106,34,19
0022300452,2024-01-01,CLE,TOR,False,121,43,25
0022300455,2024-01-01,DEN,CHA,True,111,44,27
0022300454,2024-01-01,MIL,IND,False,113,46,27
0022300457,2024-01-01,UTA,DAL,True,127,53,37
0022300456,2024-01-01,PHX,POR,True,109,47,24
0022300451,2024-01-01,NYK,MIN,True,112,49,23
0022300454,2024-01-01,IND,MIL,True,122,52,23
0022300458,2024-01-01,LAC,MIA,True,121,37,25
0022300456,2024-01-01,POR,PHX,False,88,36,21
0022300453,2024-01-01,HOU,DET,True,136,39,34
0022300457,2024-01-01,DAL,UTA,False,90,41,28
0022300455,2024-01-01,CHA,DEN,False,93,45,24
0022300449,2023-12-31,SAC,MEM,True,123,59,28
0022300450,2023-12-31,ORL,PHX,False,107,45,22
0022300448,2023-12-31,BOS,SAS,True,134,57,29
0022300447,2023-12-31,OKC,BKN,True,124,46,31
0022300446,2023-12-31,LAL,NOP,False,109,35,26
0022300445,2023-12-31,WAS,ATL,False,126,42,35
0022300449,2023-12-31,MEM,SAC,False,92,34,20
0022300445,2023-12-31,ATL,WAS,True,130,58,27
0022300446,2023-12-31,NOP,LAL,True,129,47,33
0022300448,2023-12-31,SAS,BOS,False,101,39,28
0022300450,2023-12-31,PHX,ORL,True,112,35,21
0022300447,2023-12-31,BKN,OKC,False,108,47,26
0022300439,2023-12-30,MIA,UTA,False,109,46,20
0022300441,2023-12-30,NYK,IND,False,126,42,24
0022300441,2023-12-30,IND,NYK,True,140,34,40
0022300439,2023-12-30,UTA,MIA,True,117,43,29
0022300440,2023-12-30,DET,TOR,True,129,41,29
0022300443,2023-12-30,LAL,MIN,False,106,39,23
0022300444,2023-12-30,DAL,GSW,True,132,43,25
0022300442,2023-12-30,CHI,PHI,True,105,53,21
0022300444,2023-12-30,GSW,DAL,False,122,47,32
0022300442,2023-12-30,PHI,CHI,False,92,36,24
0022300440,2023-12-30,TOR,DET,False,127,33,26
0022300443,2023-12-30,MIN,LAL,True,108,45,24
0022300434,2023-12-29,PHI,HOU,True,131,30,22
0022300433,2023-12-29,CLE,MIL,False,111,37,28
0022300432,2023-12-29,TOR,BOS,False,118,38,29
0022300430,2023-12-29,BKN,WAS,False,104,54,24
0022300437,2023-12-29,SAS,POR,False,128,42,31
0022300438,2023-12-29,MEM,LAC,False,106,33,29
0022300435,2023-12-29,OKC,DEN,True,119,51,29
0022300438,2023-12-29,LAC,MEM,True,117,54,28
0022300437,2023-12-29,POR,SAS,True,134,43,28
0022300432,2023-12-29,BOS,TOR,True,120,52,29
0022300433,2023-12-29,MIL,CLE,True,119,43,26
0022300436,2023-12-29,PHX,CHA,True,133,39,34
0022300436,2023-12-29,CHA,PHX,False,119,26,32
0022300431,2023-12-29,ATL,SAC,False,110,51,29
0022300430,2023-12-29,WAS,BKN,True,110,43,28
0022300435,2023-12-29,DEN,OKC,False,93,36,30
0022300431,2023-12-29,SAC,ATL,True,117,38,35
0022300429,2023-12-29,NYK,ORL,False,108,40,22
0022300434,2023-12-29,HOU,PHI,False,127,42,30
0022300429,2023-12-29,ORL,NYK,True,117,49,24
0022300425,2023-12-28,DEN,MEM,True,142,53,43
0022300427,2023-12-28,SAS,POR,True,118,42,33
0022300422,2023-12-28,IND,CHI,True,120,47,30
0022300423,2023-12-28,DAL,MIN,False,110,39,29
0022300424,2023-12-28,NOP,UTA,True,112,35,27
0022300427,2023-12-28,POR,SAS,False,105,57,16
0022300421,2023-12-28,BOS,DET,True,128,43,25
0022300428,2023-12-28,LAL,CHA,True,133,42,41
0022300424,2023-12-28,UTA,NOP,False,105,42,27
0022300426,2023-12-28,GSW,MIA,False,102,43,27
0022300428,2023-12-28,CHA,LAL,False,112,43,29
0022300425,2023-12-28,MEM,DEN,False,105,36,23
0022300421,2023-12-28,DET,BOS,False,122,57,27
0022300422,2023-12-28,CHI,IND,False,104,47,19
0022300423,2023-12-28,MIN,DAL,True,118,38,23
0022300426,2023-12-28,MIA,GSW,True,114,44,26
0022300420,2023-12-27,CLE,DAL,True,113,57,33
0022300415,2023-12-27,ORL,PHI,False,92,43,17
0022300420,2023-12-27,DAL,CLE,False,110,37,21
0022300418,2023-12-27,PHX,HOU,True,129,44,28
0022300416,2023-12-27,WAS,TOR,False,102,34,25
0022300419,2023-12-27,OKC,NYK,True,129,27,20
0022300417,2023-12-27,MIL,BKN,True,144,41,41
0022300419,2023-12-27,NYK,OKC,False,120,40,24
0022300417,2023-12-27,BKN,MIL,False,122,47,29
0022300416,2023-12-27,TOR,WAS,True,132,53,43
0022300418,2023-12-27,HOU,PHX,False,113,33,20
0022300415,2023-12-27,PHI,ORL,True,112,48,14
0022300408,2023-12-26,ATL,CHI,False,113,40,24
0022300407,2023-12-26,WAS,ORL,False,119,47,27
0022300412,2023-12-26,SAS,UTA,False,118,43,36
0022300413,2023-12-26,SAC,POR,False,113,40,25
0022300411,2023-12-26,OKC,MIN,True,129,29,35
0022300409,2023-12-26,HOU,IND,False,117,44,19
0022300408,2023-12-26,CHI,ATL,True,118,48,23
0022300414,2023-12-26,LAC,CHA,True,113,45,24
0022300406,2023-12-26,DET,BKN,False,112,52,20
0022300407,2023-12-26,ORL,WAS,True,127,40,30
0022300409,2023-12-26,IND,HOU,True,123,45,28
0022300410,2023-12-26,NOP,MEM,False,115,46,18
0022300413,2023-12-26,POR,SAC,True,130,46,28
0022300412,2023-12-26,UTA,SAS,True,130,53,34
0022300410,2023-12-26,MEM,NOP,True,116,50,24
0022300414,2023-12-26,CHA,LAC,False,104,42,31
0022300411,2023-12-26,MIN,OKC,False,106,34,22
0022300406,2023-12-26,BKN,DET,True,118,42,22
0022300401,2023-12-25,NYK,MIL,True,129,41,27
0022300403,2023-12-25,BOS,LAL,True,126,44,31
0022300405,2023-12-25,PHX,DAL,False,114,47,28
0022300402,2023-12-25,GSW,DEN,False,114,39,23
0022300404,2023-12-25,MIA,PHI,True,119,56,27
0022300402,2023-12-25,DEN,GSW,True,120,43,25
0022300401,2023-12-25,MIL,NYK,False,122,44,26
0022300403,2023-12-25,LAL,BOS,False,115,43,24
0022300404,2023-12-25,PHI,MIA,False,113,36,23
0022300405,2023-12-25,DAL,PHX,True,128,38,28
0022300395,2023-12-23,TOR,UTA,False,119,39,35
0022300391,2023-12-23,ORL,IND,True,117,39,22
0022300390,2023-12-23,CHA,DEN,False,95,47,23
0022300400,2023-12-23,MIN,SAC,True,110,43,31
0022300392,2023-12-23,HOU,NOP,True,106,44,21
0022300388,2023-12-23,NYK,MIL,False,111,41,17
0022300395,2023-12-23,UTA,TOR,True,126,41,35
0022300398,2023-12-23,DAL,SAS,True,144,52,26
0022300394,2023-12-23,DET,BKN,False,115,36,26
0022300390,2023-12-23,DEN,CHA,True,102,48,25
0022300389,2023-12-23,LAC,BOS,False,108,34,25
0022300396,2023-12-23,CLE,CHI,True,109,48,28
0022300391,2023-12-23,IND,ORL,False,110,33,27
0022300393,2023-12-23,ATL,MEM,False,119,41,28
0022300394,2023-12-23,BKN,DET,True,126,38,32
0022300398,2023-12-23,SAS,DAL,False,119,42,32
0022300400,2023-12-23,SAC,MIN,False,98,40,23
0022300397,2023-12-23,LAL,OKC,True,129,44,37
0022300396,2023-12-23,CHI,CLE,False,95,37,23
0022300393,2023-12-23,MEM,ATL,True,125,51,29
0022300399,2023-12-23,GSW,POR,True,126,49,38
0022300399,2023-12-23,POR,GSW,False,106,30,26
0022300397,2023-12-23,OKC,LAL,False,120,42,24
0022300392,2023-12-23,NOP,HOU,False,104,46,21
0022300388,2023-12-23,MIL,NYK,True,130,53,25
0022300389,2023-12-23,BOS,LAC,True,145,51,33
0022300387,2023-12-22,PHX,SAC,False,105,45,19
0022300383,2023-12-22,DEN,BKN,True,122,41,29
0022300386,2023-12-22,WAS,GSW,False,118,39,25
0022300383,2023-12-22,BKN,DEN,False,117,45,32
0022300384,2023-12-22,ATL,MIA,False,113,43,29
0022300386,2023-12-22,GSW,WAS,True,129,57,33
0022300387,2023-12-22,SAC,PHX,True,120,37,32
0022300382,2023-12-22,TOR,PHI,False,111,46,30
0022300385,2023-12-22,DAL,HOU,False,96,47,18
0022300385,2023-12-22,HOU,DAL,True,122,63,21
0022300382,2023-12-22,PHI,TOR,True,121,38,34
0022300384,2023-12-22,MIA,ATL,True,122,48,21
0022300379,2023-12-21,OKC,LAC,True,134,38,35
0022300380,2023-12-21,MIN,LAL,True,118,40,32
0022300377,2023-12-21,IND,MEM,False,103,39,28
0022300378,2023-12-21,MIL,ORL,True,118,51,26
0022300378,2023-12-21,ORL,MIL,False,114,45,26
0022300376,2023-12-21,SAS,CHI,False,95,41,24
0022300381,2023-12-21,POR,WAS,False,117,51,24
0022300375,2023-12-21,CLE,NOP,False,104,35,34
0022300379,2023-12-21,LAC,OKC,False,115,40,23
0022300374,2023-12-21,UTA,DET,True,119,44,26
0022300380,2023-12-21,LAL,MIN,False,111,38,21
0022300375,2023-12-21,NOP,CLE,True,123,40,32
0022300376,2023-12-21,CHI,SAS,True,114,36,24
0022300377,2023-12-21,MEM,IND,True,116,41,27
0022300381,2023-12-21,WAS,POR,True,118,37,26
0022300374,2023-12-21,DET,UTA,False,111,41,24
0022300371,2023-12-20,HOU,ATL,False,127,37,25
0022300372,2023-12-20,DAL,LAC,False,111,36,23
0022300367,2023-12-20,MIN,PHI,False,113,39,22
0022300367,2023-12-20,PHI,MIN,True,127,36,20
0022300366,2023-12-20,ORL,MIA,False,106,49,29
0022300364,2023-12-20,CLE,UTA,True,124,44,34
0022300373,2023-12-20,BOS,SAC,True,144,50,35
0022300370,2023-12-20,CHI,LAL,True,124,48,25
0022300371,2023-12-20,ATL,HOU,True,134,44,31
0022300370,2023-12-20,LAL,CHI,False,108,40,27
0022300364,2023-12-20,UTA,CLE,False,116,38,24
0022300365,2023-12-20,CHA,IND,False,113,37,23
0022300372,2023-12-20,LAC,DAL,True,120,44,27
0022300368,2023-12-20,NYK,BKN,True,121,54,24
0022300366,2023-12-20,MIA,ORL,True,115,39,25
0022300373,2023-12-20,SAC,BOS,False,119,37,29
0022300369,2023-12-20,DEN,TOR,True,113,46,29
0022300368,2023-12-20,BKN,NYK,False,102,49,25
0022300369,2023-12-20,TOR,DEN,False,104,41,26
0022300365,2023-12-20,IND,CHA,True,144,38,37
0022300362,2023-12-19,GSW,BOS,True,132,59,29
0022300361,2023-12-19,MIL,SAS,True,132,47,34
0022300362,2023-12-19,BOS,GSW,False,126,55,28
0022300360,2023-12-19,NOP,MEM,False,113,39,23
0022300363,2023-12-19,POR,PHX,True,109,42,23
0022300361,2023-12-19,SAS,MIL,False,119,52,27
0022300363,2023-12-19,PHX,POR,False,104,47,23
0022300360,2023-12-19,MEM,NOP,True,115,42,19
0022300352,2023-12-18,DET,ATL,False,124,36,23
0022300358,2023-12-18,WAS,SAC,False,131,39,26
0022300350,2023-12-18,IND,LAC,False,127,34,38
0022300351,2023-12-18,CHI,PHI,True,108,45,24
0022300354,2023-12-18,TOR,CHA,True,114,51,30
0022300355,2023-12-18,MEM,OKC,False,97,45,25
0022300350,2023-12-18,LAC,IND,True,151,46,26
0022300353,2023-12-18,MIN,MIA,True,112,45,27
0022300352,2023-12-18,ATL,DET,True,130,40,25
0022300358,2023-12-18,SAC,WAS,True,143,42,35
0022300359,2023-12-18,LAL,NYK,False,109,41,29
0022300357,2023-12-18,BKN,UTA,False,108,36,25
0022300356,2023-12-18,DEN,DAL,True,130,46,29
0022300355,2023-12-18,OKC,MEM,True,116,53,31
0022300356,2023-12-18,DAL,DEN,False,104,43,19
0022300351,2023-12-18,PHI,CHI,False,104,44,23
0022300359,2023-12-18,NYK,LAL,True,114,52,21
0022300349,2023-12-18,HOU,CLE,False,130,47,34
0022300353,2023-12-18,MIA,MIN,False,108,40,27
0022300354,2023-12-18,CHA,TOR,False,99,36,18
0022300349,2023-12-18,CLE,HOU,True,135,38,29
0022300357,2023-12-18,UTA,BKN,True,125,51,30
0022300347,2023-12-17,WAS,PHX,False,108,44,24
0022300347,2023-12-17,PHX,WAS,True,112,54,29
0022300345,2023-12-17,NOP,SAS,True,146,51,38
0022300346,2023-12-17,HOU,MIL,False,119,31,26
0022300348,2023-12-17,GSW,POR,True,118,43,31
0022300344,2023-12-17,BOS,ORL,True,114,55,18
0022300348,2023-12-17,POR,GSW,False,114,37,23
0022300345,2023-12-17,SAS,NOP,False,110,39,29
0022300346,2023-12-17,MIL,HOU,True,128,46,25
0022300344,2023-12-17,ORL,BOS,False,97,43,18
0022300337,2023-12-16,MIA,CHI,True,118,31,26
0022300343,2023-12-16,NYK,LAC,False,122,39,20
0022300342,2023-12-16,SAC,UTA,True,125,45,36
0022300338,2023-12-16,IND,MIN,False,109,40,25
0022300336,2023-12-16,ATL,CLE,False,119,34,21
0022300339,2023-12-16,BKN,GSW,False,120,42,31
0022300334,2023-12-16,DET,MIL,False,114,36,25
0022300334,2023-12-16,MIL,DET,True,146,49,24
0022300335,2023-12-16,PHI,CHA,True,135,45,30
0022300340,2023-12-16,DEN,OKC,False,117,46,30
0022300337,2023-12-16,CHI,MIA,False,116,40,25
0022300341,2023-12-16,POR,DAL,False,120,44,17
0022300336,2023-12-16,CLE,ATL,True,127,49,32
0022300338,2023-12-16,MIN,IND,True,127,36,33
0022300343,2023-12-16,LAC,NYK,True,144,42,36
0022300335,2023-12-16,CHA,PHI,False,82,36,15
0022300342,2023-12-16,UTA,SAC,False,104,37,28
0022300341,2023-12-16,DAL,POR,True,131,47,27
0022300339,2023-12-16,GSW,BKN,True,124,42,29
0022300340,2023-12-16,OKC,DEN,True,118,40,22
0022300333,2023-12-15,PHX,NYK,False,122,33,30
0022300326,2023-12-15,CHA,NOP,False,107,39,18
0022300326,2023-12-15,NOP,CHA,True,112,49,24
0022300332,2023-12-15,MEM,HOU,False,96,48,19
0022300329,2023-12-15,BOS,ORL,True,128,34,31
0022300327,2023-12-15,DET,PHI,False,92,42,19
0022300328,2023-12-15,IND,WAS,False,123,41,35
0022300331,2023-12-15,SAS,LAL,True,129,45,35
0022300333,2023-12-15,NYK,PHX,True,139,38,28
0022300332,2023-12-15,HOU,MEM,True,103,51,18
0022300331,2023-12-15,LAL,SAS,False,115,43,32
0022300329,2023-12-15,ORL,BOS,False,111,45,25
0022300328,2023-12-15,WAS,IND,True,137,47,36
0022300330,2023-12-15,ATL,TOR,True,125,55,34
0022300330,2023-12-15,TOR,ATL,False,104,32,30
0022300327,2023-12-15,PHI,DET,True,124,54,24
0022300319,2023-12-14,BOS,CLE,True,116,44,22
0022300325,2023-12-14,LAC,GSW,True,121,40,27
0022300319,2023-12-14,CLE,BOS,False,107,39,21
0022300321,2023-12-14,MIN,DAL,True,119,45,30
0022300324,2023-12-14,SAC,OKC,True,128,47,32
0022300325,2023-12-14,GSW,LAC,False,113,43,22
0022300320,2023-12-14,MIA,CHI,False,116,42,26
0022300324,2023-12-14,OKC,SAC,False,123,44,26
0022300322,2023-12-14,DEN,BKN,True,124,48,31
0022300321,2023-12-14,DAL,MIN,False,101,34,21
0022300322,2023-12-14,BKN,DEN,False,101,53,28
0022300323,2023-12-14,UTA,POR,True,122,45,27
0022300320,2023-12-14,CHI,MIA,True,124,43,32
0022300323,2023-12-14,POR,UTA,False,114,49,30
0022300313,2023-12-13,ATL,TOR,False,128,42,32
0022300310,2023-12-13,DET,PHI,False,111,35,24
0022300310,2023-12-13,PHI,DET,True,129,53,28
0022300311,2023-12-13,NOP,WAS,True,142,46,30
0022300318,2023-12-13,NYK,UTA,False,113,46,21
0022300318,2023-12-13,UTA,NYK,True,117,53,31
0022300315,2023-12-13,MIL,IND,True,140,43,27
0022300315,2023-12-13,IND,MIL,False,126,45,30
0022300316,2023-12-13,SAS,LAL,False,119,46,28
0022300316,2023-12-13,LAL,SAS,True,122,46,31
0022300312,2023-12-13,CHA,MIA,False,104,31,27
0022300317,2023-12-13,PHX,BKN,False,112,49,28
0022300314,2023-12-13,HOU,MEM,True,117,58,23
0022300317,2023-12-13,BKN,PHX,True,116,36,24
0022300313,2023-12-13,TOR,ATL,True,135,47,39
0022300311,2023-12-13,WAS,NOP,False,122,33,28
0022300312,2023-12-13,MIA,CHA,True,115,47,29
0022300314,2023-12-13,MEM,HOU,False,104,39,25
0022300307,2023-12-12,CHI,DEN,False,106,41,26
0022300306,2023-12-12,LAL,DAL,False,125,40,34
0022300308,2023-12-12,GSW,PHX,False,116,51,26
0022300305,2023-12-12,CLE,BOS,False,113,35,27
0022300305,2023-12-12,BOS,CLE,True,120,45,23
0022300307,2023-12-12,DEN,CHI,True,114,46,28
0022300308,2023-12-12,PHX,GSW,True,119,41,27
0022300306,2023-12-12,DAL,LAL,True,127,36,28
0022300309,2023-12-12,SAC,LAC,False,99,38,27
0022300309,2023-12-12,LAC,SAC,True,119,49,21
0022300292,2023-12-11,MIA,CHA,True,116,43,31
0022300297,2023-12-11,TOR,NYK,False,130,38,32
0022300295,2023-12-11,WAS,PHI,False,101,44,21
0022300300,2023-12-11,MIL,CHI,True,133,48,34
0022300296,2023-12-11,ATL,DEN,False,122,35,25
0022300295,2023-12-11,PHI,WAS,True,146,47,37
0022300294,2023-12-11,ORL,CLE,True,104,43,22
0022300301,2023-12-11,NOP,MIN,True,121,47,27
0022300292,2023-12-11,CHA,MIA,False,114,31,31
0022300298,2023-12-11,HOU,SAS,True,93,60,20
0022300304,2023-12-11,POR,LAC,False,127,36,25
0022300296,2023-12-11,DEN,ATL,True,129,49,29
0022300297,2023-12-11,NYK,TOR,True,136,42,36
0022300299,2023-12-11,MEM,DAL,False,113,38,26
0022300303,2023-12-11,SAC,BKN,True,131,43,38
0022300299,2023-12-11,DAL,MEM,True,120,43,27
0022300294,2023-12-11,CLE,ORL,False,94,48,15
0022300293,2023-12-11,IND,DET,True,131,43,33
0022300293,2023-12-11,DET,IND,False,123,30,26
0022300302,2023-12-11,OKC,UTA,True,134,39,35
0022300302,2023-12-11,UTA,OKC,False,120,41,32
0022300303,2023-12-11,BKN,SAC,False,118,41,24
0022300304,2023-12-11,LAC,POR,True,132,35,33
0022300301,2023-12-11,MIN,NOP,False,107,47,26
0022300298,2023-12-11,SAS,HOU,False,82,51,20
0022300300,2023-12-11,CHI,MIL,False,129,51,25
0062300001,2023-12-09,IND,LAL,False,109,32,27
0062300001,2023-12-09,LAL,IND,True,123,55,25
0022301226,2023-12-08,DAL,POR,True,125,42,26
0022301220,2023-12-08,MIA,CLE,False,99,37,23
0022301224,2023-12-08,HOU,DEN,True,114,47,21
0022301226,2023-12-08,POR,DAL,False,112,48,20
0022301219,2023-12-08,BKN,WAS,True,124,55,27
0022301228,2023-12-08,SAC,PHX,True,114,50,25
0022301216,2023-12-08,TOR,CHA,False,116,42,32
0022301225,2023-12-08,LAC,UTA,True,117,40,23
0022301222,2023-12-08,OKC,GSW,True,138,39,15
0022301217,2023-12-08,DET,ORL,False,91,38,17
0022301218,2023-12-08,PHI,ATL,True,125,48,24
0022301228,2023-12-08,PHX,SAC,False,106,40,26
0022301219,2023-12-08,WAS,BKN,False,97,41,19
0022301221,2023-12-08,MIN,MEM,True,127,54,30
0022301220,2023-12-08,CLE,MIA,True,111,51,21
0022301221,2023-12-08,MEM,MIN,False,103,28,24
0022301216,2023-12-08,CHA,TOR,True,119,31,30
0022301225,2023-12-08,UTA,LAC,False,103,40,23
0022301224,2023-12-08,DEN,HOU,False,106,47,22
0022301227,2023-12-08,NYK,BOS,False,123,44,28
0022301227,2023-12-08,BOS,NYK,True,133,34,24
0022301218,2023-12-08,ATL,PHI,False,114,55,20
0022301223,2023-12-08,SAS,CHI,False,112,44,35
0022301223,2023-12-08,CHI,SAS,True,121,56,27
0022301217,2023-12-08,ORL,DET,True,123,45,26
0022301222,2023-12-08,GSW,OKC,False,136,60,29
0022301230,2023-12-07,NOP,LAL,False,89,42,22
0022301229,2023-12-07,MIL,IND,False,119,46,19
0022301230,2023-12-07,LAL,NOP,True,133,59,31
0022301229,2023-12-07,IND,MIL,True,128,51,30
0022301211,2023-12-06,CHI,CHA,True,111,57,23
0022301207,2023-12-06,MIA,TOR,True,112,44,33
0022301213,2023-12-06,UTA,DAL,False,97,43,22
0022301213,2023-12-06,DAL,UTA,True,147,47,37
0022301212,2023-12-06,OKC,HOU,False,101,30,22
0022301209,2023-12-06,ATL,BKN,False,113,49,25
0022301211,2023-12-06,CHA,CHI,False,100,42,25
0022301209,2023-12-06,BKN,ATL,True,114,45,24
0022301215,2023-12-06,DEN,LAC,False,102,46,29
0022301215,2023-12-06,LAC,DEN,True,111,51,21
0022301205,2023-12-06,ORL,CLE,False,111,36,22
0022301210,2023-12-06,MIN,SAS,True,102,55,20
0022301206,2023-12-06,MEM,DET,True,116,46,26
0022301206,2023-12-06,DET,MEM,False,102,42,30
0022301207,2023-12-06,TOR,MIA,False,103,46,29
0022301208,2023-12-06,PHI,WAS,True,131,43,29
0022301214,2023-12-06,GSW,POR,True,110,50,20
0022301214,2023-12-06,POR,GSW,False,106,40,22
0022301208,2023-12-06,WAS,PHI,False,126,32,39
0022301212,2023-12-06,HOU,OKC,True,110,53,28
0022301205,2023-12-06,CLE,ORL,True,121,45,29
0022301210,2023-12-06,SAS,MIN,False,94,49,23
0022301203,2023-12-05,PHX,LAL,False,103,44,25
0022301201,2023-12-05,MIL,NYK,True,146,37,32
0022301201,2023-12-05,NYK,MIL,False,122,36,27
0022301203,2023-12-05,LAL,PHX,True,106,45,24
0022301204,2023-12-04,SAC,NOP,False,117,38,29
0022301202,2023-12-04,IND,BOS,True,122,41,28
0022301202,2023-12-04,BOS,IND,False,112,56,27
0022301204,2023-12-04,NOP,SAC,True,127,42,29
0022300283,2023-12-02,CLE,DET,True,110,43,25
0022300280,2023-12-02,LAC,GSW,True,113,40,31
0022300288,2023-12-02,MEM,PHX,False,109,40,14
0022300287,2023-12-02,DAL,OKC,False,120,47,26
0022300288,2023-12-02,PHX,MEM,True,116,44,24
0022300284,2023-12-02,MIA,IND,False,129,28,27
0022300287,2023-12-02,OKC,DAL,True,126,50,24
0022300281,2023-12-02,MIN,CHA,True,123,41,26
0022300290,2023-12-02,SAC,DEN,True,123,47,33
0022300282,2023-12-02,ORL,BKN,False,101,37,24
0022300281,2023-12-02,CHA,MIN,False,117,36,29
0022300283,2023-12-02,DET,CLE,False,101,49,24
0022300289,2023-12-02,POR,UTA,False,113,40,17
0022300286,2023-12-02,MIL,ATL,True,132,44,33
0022300285,2023-12-02,NOP,CHI,False,118,39,20
0022300282,2023-12-02,BKN,ORL,True,129,57,31
0022300289,2023-12-02,UTA,POR,True,118,56,27
0022300291,2023-12-02,LAL,HOU,True,107,48,24
0022300285,2023-12-02,CHI,NOP,True,124,41,32
0022300280,2023-12-02,GSW,LAC,False,112,42,31
0022300286,2023-12-02,ATL,MIL,False,121,40,23
0022300284,2023-12-02,IND,MIA,True,144,32,35
0022300291,2023-12-02,HOU,LAL,False,97,54,24
0022300290,2023-12-02,DEN,SAC,False,117,46,35
0022300275,2023-12-01,PHI,BOS,False,119,42,16
0022300276,2023-12-01,TOR,NYK,False,106,48,32
0022300277,2023-12-01,DAL,MEM,False,94,42,27
0022300279,2023-12-01,DEN,PHX,True,119,32,38
0022300279,2023-12-01,PHX,DEN,False,111,43,22
0022300274,2023-12-01,WAS,ORL,False,125,40,25
0022300276,2023-12-01,NYK,TOR,True,119,43,30
0022300278,2023-12-01,SAS,NOP,False,106,39,28
0022300277,2023-12-01,MEM,DAL,True,108,52,27
0022300274,2023-12-01,ORL,WAS,True,130,44,35
0022300275,2023-12-01,BOS,PHI,True,125,46,25
0022300278,2023-12-01,NOP,SAS,True,121,42,26
0022300268,2023-11-30,NYK,DET,True,118,41,25
0022300267,2023-11-30,MIA,IND,True,142,48,25
0022300265,2023-11-30,CLE,POR,False,95,35,25
0022300271,2023-11-30,LAL,OKC,False,110,41,24
0022300265,2023-11-30,POR,CLE,True,103,40,29
0022300273,2023-11-30,LAC,GSW,False,114,43,26
0022300269,2023-11-30,CHI,MIL,True,120,51,32
0022300270,2023-11-30,UTA,MIN,False,90,51,22
0022300267,2023-11-30,IND,MIA,False,132,34,30
0022300269,2023-11-30,MIL,CHI,False,113,43,28
0022300272,2023-11-30,ATL,SAS,True,137,37,24
0022300273,2023-11-30,GSW,LAC,True,120,47,30
0022300272,2023-11-30,SAS,ATL,False,135,47,34
0022300270,2023-11-30,MIN,UTA,True,101,42,29
0022300266,2023-11-30,CHA,BKN,True,129,41,30
0022300271,2023-11-30,OKC,LAL,True,133,48,29
0022300268,2023-11-30,DET,NYK,False,112,42,22
0022300266,2023-11-30,BKN,CHA,False,128,52,21
0022300259,2023-11-29,WAS,ORL,False,120,29,28
0022300258,2023-11-29,DET,LAL,False,107,39,28
0022300262,2023-11-29,PHI,NOP,False,114,30,28
0022300264,2023-11-29,SAC,LAC,False,117,47,22
0022300259,2023-11-29,ORL,WAS,True,139,44,34
0022300260,2023-11-29,PHX,TOR,False,105,47,25
0022300261,2023-11-29,UTA,MEM,False,91,39,26
0022300261,2023-11-29,MEM,UTA,True,105,51,26
0022300262,2023-11-29,NOP,PHI,True,124,40,33
0022300263,2023-11-29,DEN,HOU,True,134,41,37
0022300264,2023-11-29,LAC,SAC,True,131,37,28
0022300260,2023-11-29,TOR,PHX,True,112,49,25
0022300263,2023-11-29,HOU,DEN,False,124,35,27
0022300258,2023-11-29,LAL,DET,True,133,49,28
0022300058,2023-11-28,OKC,MIN,False,103,36,22
0022300060,2023-11-28,SAC,GSW,True,124,46,25
0022300054,2023-11-28,BKN,TOR,True,115,59,26
0022300056,2023-11-28,MIL,MIA,True,131,45,26
0022300055,2023-11-28,CLE,ATL,True,128,55,27
0022300058,2023-11-28,MIN,OKC,True,106,51,18
0022300057,2023-11-28,NYK,CHA,True,115,54,21
0022300056,2023-11-28,MIA,MIL,False,124,35,32
0022300057,2023-11-28,CHA,NYK,False,91,41,21
0022300054,2023-11-28,TOR,BKN,False,103,46,27
0022300059,2023-11-28,DAL,HOU,True,121,38,25
0022300053,2023-11-28,CHI,BOS,False,97,37,25
0022300059,2023-11-28,HOU,DAL,False,115,40,33
0022300055,2023-11-28,ATL,CLE,False,105,44,21
0022300060,2023-11-28,GSW,SAC,False,123,52,25
0022300053,2023-11-28,BOS,CHI,True,124,52,36
0022300254,2023-11-27,POR,IND,True,114,38,20
0022300253,2023-11-27,WAS,DET,True,126,46,29
0022300254,2023-11-27,IND,POR,False,110,42,26
0022300255,2023-11-27,LAL,PHI,False,94,32,23
0022300253,2023-11-27,DET,WAS,False,107,49,29
0022300256,2023-11-27,NOP,UTA,False,112,48,27
0022300255,2023-11-27,PHI,LAL,True,138,48,33
0022300257,2023-11-27,DEN,LAC,True,113,52,28
0022300256,2023-11-27,UTA,NOP,True,114,43,31
0022300257,2023-11-27,LAC,DEN,False,104,49,18
0022300245,2023-11-26,POR,MIL,False,102,40,21
0022300251,2023-11-26,TOR,CLE,False,102,50,17
0022300250,2023-11-26,CHI,BKN,False,109,40,21
0022300252,2023-11-26,DEN,SAS,True,132,45,38
0022300246,2023-11-26,BOS,ATL,True,113,58,24
0022300250,2023-11-26,BKN,CHI,True,118,39,29
0022300251,2023-11-26,CLE,TOR,True,105,49,29
0022300247,2023-11-26,NYK,PHX,False,113,38,18
0022300249,2023-11-26,MEM,MIN,False,97,35,24
0022300248,2023-11-26,CHA,ORL,False,117,36,27
0022300247,2023-11-26,PHX,NYK,True,116,47,27
0022300249,2023-11-26,MIN,MEM,True,119,42,30
0022300248,2023-11-26,ORL,CHA,True,130,44,33
0022300252,2023-11-26,SAS,DEN,False,120,35,34
0022300246,2023-11-26,ATL,BOS,False,103,43,15
0022300245,2023-11-26,MIL,POR,True,108,52,19
0022300242,2023-11-25,CLE,LAL,False,115,37,30
0022300240,2023-11-25,BKN,MIA,True,112,42,27
0022300240,2023-11-25,MIA,BKN,False,97,44,24
0022300239,2023-11-25,PHI,OKC,True,127,49,30
0022300241,2023-11-25,WAS,ATL,False,108,41,33
0022300242,2023-11-25,LAL,CLE,True,121,44,34
0022300243,2023-11-25,UTA,NOP,True,105,52,23
0022300244,2023-11-25,DAL,LAC,False,88,37,17
0022300239,2023-11-25,OKC,PHI,False,123,38,29
0022300241,2023-11-25,ATL,WAS,True,136,49,29
0022300243,2023-11-25,NOP,UTA,False,100,42,31
0022300244,2023-11-25,LAC,DAL,True,107,57,25
0022300044,2023-11-24,MEM,PHX,False,89,35,22
0022300043,2023-11-24,BOS,ORL,False,96,31,17
0022300052,2023-11-24,LAC,NOP,False,106,39,27
0022300043,2023-11-24,ORL,BOS,True,113,48,23
0022300051,2023-11-24,GSW,SAS,True,118,41,35
0022300046,2023-11-24,TOR,CHI,True,121,40,32
0022300052,2023-11-24,NOP,LAC,True,116,50,26
0022300047,2023-11-24,DET,IND,False,113,43,22
0022300050,2023-11-24,MIN,SAC,False,111,44,25
0022300050,2023-11-24,SAC,MIN,True,124,46,25
0022300051,2023-11-24,SAS,GSW,False,112,46,28
0022300049,2023-11-24,MIL,WAS,True,131,50,28
0022300044,2023-11-24,PHX,MEM,True,110,41,22
0022300047,2023-11-24,IND,DET,True,136,40,24
0022300048,2023-11-24,DEN,HOU,False,86,46,17
0022300048,2023-11-24,HOU,DEN,True,105,49,25
0022300045,2023-11-24,NYK,MIA,True,100,46,21
0022300049,2023-11-24,WAS,MIL,False,128,46,29
0022300046,2023-11-24,CHI,TOR,False,108,37,20
0022300045,2023-11-24,MIA,NYK,False,98,41,20
0022300237,2023-11-22,UTA,POR,False,105,44,25
0022300236,2023-11-22,PHX,GSW,True,123,43,22
0022300238,2023-11-22,LAL,DAL,False,101,51,26
0022300230,2023-11-22,TOR,IND,True,132,46,26
0022300227,2023-11-22,BKN,ATL,False,145,59,28
0022300225,2023-11-22,WAS,CHA,False,114,47,26
0022300227,2023-11-22,ATL,BKN,True,147,58,24
0022300225,2023-11-22,CHA,WAS,True,117,49,27
0022300235,2023-11-22,SAS,LAC,False,102,44,26
0022300233,2023-11-22,NOP,SAC,True,117,48,23
0022300226,2023-11-22,ORL,DEN,True,124,41,27
0022300234,2023-11-22,CHI,OKC,False,102,38,22
0022300228,2023-11-22,MIL,BOS,False,116,47,23
0022300236,2023-11-22,GSW,PHX,False,115,43,29
0022300231,2023-11-22,HOU,MEM,True,111,49,22
0022300233,2023-11-22,SAC,NOP,False,112,38,22
0022300238,2023-11-22,DAL,LAL,True,104,48,21
0022300237,2023-11-22,POR,UTA,True,121,37,31
0022300234,2023-11-22,OKC,CHI,True,116,45,24
0022300228,2023-11-22,BOS,MIL,True,119,43,27
0022300231,2023-11-22,MEM,HOU,False,91,46,17
0022300235,2023-11-22,LAC,SAS,True,109,50,29
0022300229,2023-11-22,CLE,MIA,False,96,34,25
0022300232,2023-11-22,MIN,PHI,True,112,48,28
0022300230,2023-11-22,IND,TOR,False,131,31,33
0022300229,2023-11-22,MIA,CLE,True,129,41,30
0022300226,2023-11-22,DEN,ORL,False,119,42,29
0022300232,2023-11-22,PHI,MIN,False,99,48,21
0022300040,2023-11-21,CLE,PHI,True,122,56,33
0022300040,2023-11-21,PHI,CLE,False,119,44,19
0022300042,2023-11-21,UTA,LAL,False,99,42,25
0022300038,2023-11-21,TOR,ORL,False,107,38,29
0022300041,2023-11-21,PHX,POR,True,120,38,26
0022300039,2023-11-21,IND,ATL,True,157,29,35
0022300041,2023-11-21,POR,PHX,False,107,30,20
0022300039,2023-11-21,ATL,IND,False,152,39,28
0022300038,2023-11-21,ORL,TOR,True,126,40,31
0022300042,2023-11-21,LAL,UTA,True,131,52,35
0022300224,2023-11-20,GSW,HOU,True,121,43,26
0022300219,2023-11-20,WAS,MIL,False,129,26,29
0022300223,2023-11-20,LAC,SAS,True,124,51,30
0022300223,2023-11-20,SAS,LAC,False,99,49,23
0022300218,2023-11-20,DET,DEN,False,103,43,21
0022300221,2023-11-20,NYK,MIN,False,100,50,16
0022300224,2023-11-20,HOU,GSW,False,116,48,28
0022300219,2023-11-20,MIL,WAS,True,142,55,33
0022300218,2023-11-20,DEN,DET,True,107,43,30
0022300221,2023-11-20,MIN,NYK,True,117,44,30
0022300222,2023-11-20,SAC,NOP,False,93,36,27
0022300220,2023-11-20,CHI,MIA,False,100,36,21
0022300217,2023-11-20,CHA,BOS,True,121,57,29
0022300220,2023-11-20,MIA,CHI,True,118,43,31
0022300222,2023-11-20,NOP,SAC,True,129,55,38
0022300217,2023-11-20,BOS,CHA,False,118,48,19
0022300210,2023-11-19,DEN,CLE,False,109,33,23
0022300216,2023-11-19,HOU,LAL,False,104,34,35
0022300210,2023-11-19,CLE,DEN,True,121,47,30
0022300215,2023-11-19,POR,OKC,False,91,31,21
0022300215,2023-11-19,OKC,POR,True,134,43,28
0022300213,2023-11-19,MEM,BOS,False,100,42,28
0022300213,2023-11-19,BOS,MEM,True,102,45,20
0022300211,2023-11-19,TOR,DET,True,142,47,44
0022300208,2023-11-19,PHI,BKN,True,121,44,32
0022300216,2023-11-19,LAL,HOU,True,105,42,26
0022300212,2023-11-19,SAC,DAL,True,129,48,34
0022300208,2023-11-19,BKN,PHI,False,99,45,24
0022300209,2023-11-19,IND,ORL,False,116,40,24
0022300211,2023-11-19,DET,TOR,False,113,41,25
0022300209,2023-11-19,ORL,IND,True,128,42,21
0022300214,2023-11-19,UTA,PHX,False,137,59,27
0022300214,2023-11-19,PHX,UTA,True,140,44,36
0022300212,2023-11-19,DAL,SAC,False,113,40,23
0022300203,2023-11-18,NOP,MIN,False,120,40,27
0022300206,2023-11-18,MEM,SAS,True,120,45,23
0022300206,2023-11-18,SAS,MEM,False,108,40,26
0022300204,2023-11-18,CHI,MIA,True,102,44,24
0022300205,2023-11-18,DAL,MIL,False,125,49,27
0022300202,2023-11-18,CHA,NYK,False,108,36,29
0022300203,2023-11-18,MIN,NOP,True,121,33,29
0022300204,2023-11-18,MIA,CHI,False,97,34,23
0022300207,2023-11-18,GSW,OKC,False,123,49,33
0022300205,2023-11-18,MIL,DAL,True,132,41,29
0022300207,2023-11-18,OKC,GSW,True,130,47,26
0022300202,2023-11-18,NYK,CHA,True,122,47,27
0022300027,2023-11-17,CHA,MIL,False,99,43,18
0022300031,2023-11-17,BOS,TOR,True,108,44,29
0022300033,2023-11-17,ORL,CHI,True,103,46,24
0022300031,2023-11-17,TOR,BOS,False,105,41,29
0022300034,2023-11-17,DEN,NOP,False,110,51,37
0022300028,2023-11-17,WAS,NYK,False,99,32,25
0022300030,2023-11-17,DET,CLE,False,100,51,20
0022300030,2023-11-17,CLE,DET,True,108,39,21
0022300032,2023-11-17,SAC,SAS,True,129,42,31
0022300036,2023-11-17,POR,LAL,False,95,48,17
0022300036,2023-11-17,LAL,POR,True,107,44,27
0022300028,2023-11-17,NYK,WAS,True,120,48,26
0022300032,2023-11-17,SAS,SAC,False,120,42,33
0022300033,2023-11-17,CHI,ORL,False,97,34,19
0022300029,2023-11-17,ATL,PHI,False,116,39,24
0022300029,2023-11-17,PHI,ATL,True,126,43,32
0022300035,2023-11-17,UTA,PHX,False,128,39,27
0022300035,2023-11-17,PHX,UTA,True,131,36,35
0022300037,2023-11-17,LAC,HOU,True,106,47,22
0022300027,2023-11-17,MIL,CHA,True,130,49,32
0022300034,2023-11-17,NOP,DEN,True,115,39,33
0022300037,2023-11-17,HOU,LAC,False,100,47,24
0022300201,2023-11-16,GSW,OKC,False,109,49,27
0022300200,2023-11-16,BKN,MIA,False,115,40,29
0022300201,2023-11-16,OKC,GSW,True,128,42,31
0022300200,2023-11-16,MIA,BKN,True,122,32,26
0022300198,2023-11-15,SAC,LAL,True,125,45,31
0022300199,2023-11-15,POR,CLE,False,95,30,24
0022300196,2023-11-15,CHI,ORL,False,94,53,16
0022300198,2023-11-15,LAL,SAC,False,110,43,25
0022300199,2023-11-15,CLE,POR,True,109,47,23
0022300195,2023-11-15,MIL,TOR,True,128,41,25
0022300192,2023-11-15,DAL,WAS,True,130,46,32
0022300193,2023-11-15,NYK,ATL,True,116,42,29
0022300195,2023-11-15,TOR,MIL,False,112,55,28
0022300194,2023-11-15,BOS,PHI,True,117,45,23
0022300193,2023-11-15,ATL,NYK,False,114,30,28
0022300192,2023-11-15,WAS,DAL,False,117,46,23
0022300197,2023-11-15,MIN,PHX,False,115,40,18
0022300197,2023-11-15,PHX,MIN,True,133,32,31
0022300196,2023-11-15,ORL,CHI,True,96,46,20
0022300194,2023-11-15,PHI,BOS,False,107,41,18
0022300018,2023-11-14,DET,ATL,False,120,42,36
0022300021,2023-11-14,SAS,OKC,False,87,43,24
0022300022,2023-11-14,DAL,NOP,False,110,45,25
0022300018,2023-11-14,ATL,DET,True,126,41,28
0022300017,2023-11-14,MIA,CHA,True,111,42,26
0022300026,2023-11-14,LAL,MEM,True,134,54,30
0022300023,2023-11-14,POR,UTA,False,99,43,23
0022300026,2023-11-14,MEM,LAL,False,107,33,28
0022300024,2023-11-14,LAC,DEN,False,108,42,21
0022300023,2023-11-14,UTA,POR,True,115,52,26
0022300022,2023-11-14,NOP,DAL,True,131,42,33
0022300019,2023-11-14,PHI,IND,False,126,38,22
0022300025,2023-11-14,GSW,MIN,False,101,46,28
0022300017,2023-11-14,CHA,MIA,False,105,45,21
0022300020,2023-11-14,BKN,ORL,True,124,44,22
0022300021,2023-11-14,OKC,SAS,True,123,40,34
0022300024,2023-11-14,DEN,LAC,True,111,36,26
0022300019,2023-11-14,IND,PHI,True,132,41,32
0022300025,2023-11-14,MIN,GSW,True,104,42,24
0022300020,2023-11-14,ORL,BKN,False,104,37,23
0022300190,2023-11-13,CHI,MIL,False,109,47,24
0022300188,2023-11-13,NYK,BOS,False,98,37,17
0022300188,2023-11-13,BOS,NYK,True,114,37,27
0022300191,2023-11-13,CLE,SAC,False,120,39,24
0022300191,2023-11-13,SAC,CLE,True,132,37,32
0022300190,2023-11-13,MIL,CHI,True,118,53,23
0022300189,2023-11-13,WAS,TOR,False,107,38,32
0022300189,2023-11-13,TOR,WAS,True,111,48,28
0022300185,2023-11-12,PHX,OKC,False,99,51,20
0022300180,2023-11-12,IND,PHI,False,126,32,31
0022300182,2023-11-12,DEN,HOU,False,104,49,24
0022300187,2023-11-12,LAL,POR,True,116,41,27
0022300184,2023-11-12,SAS,MIA,False,113,50,35
0022300181,2023-11-12,DET,CHI,False,108,49,26
0022300177,2023-11-12,CHA,NYK,False,107,36,21
0022300186,2023-11-12,MIN,GSW,True,116,47,27
0022300182,2023-11-12,HOU,DEN,True,107,45,20
0022300179,2023-11-12,LAC,MEM,False,101,41,26
0022300177,2023-11-12,NYK,CHA,True,129,40,25
0022300179,2023-11-12,MEM,LAC,True,105,41,25
0022300183,2023-11-12,NOP,DAL,False,124,54,31
0022300187,2023-11-12,POR,LAL,False,110,38,29
0022300186,2023-11-12,GSW,MIN,False,110,51,24
0022300181,2023-11-12,CHI,DET,True,119,40,22
0022300184,2023-11-12,MIA,SAS,True,118,41,26
0022300178,2023-11-12,BKN,WAS,True,102,66,22
0022300180,2023-11-12,PHI,IND,True,137,54,28
0022300185,2023-11-12,OKC,PHX,True,111,33,23
0022300178,2023-11-12,WAS,BKN,False,94,42,20
0022300183,2023-11-12,DAL,NOP,True,136,42,29
0022300173,2023-11-11,MIL,ORL,False,97,36,25
0022300174,2023-11-11,BOS,TOR,True,117,46,30
0022300175,2023-11-11,MIA,ATL,True,117,39,23
0022300175,2023-11-11,ATL,MIA,False,109,48,23
0022300174,2023-11-11,TOR,BOS,False,94,37,25
0022300176,2023-11-11,GSW,CLE,False,110,55,26
0022300176,2023-11-11,CLE,GSW,True,118,45,23
0022300173,2023-11-11,ORL,MIL,True,112,43,24
0022300011,2023-11-10,NOP,HOU,False,101,49,12
0022300014,2023-11-10,DAL,LAC,True,144,41,30
0022300016,2023-11-10,SAC,OKC,True,105,52,28
0022300015,2023-11-10,LAL,PHX,True,122,43,27
0022300010,2023-11-10,BOS,BKN,True,121,52,29
0022300012,2023-11-10,MEM,UTA,False,121,37,23
0022300015,2023-11-10,PHX,LAL,False,119,52,22
0022300011,2023-11-10,HOU,NOP,True,104,42,20
0022300009,2023-11-10,WAS,CHA,False,117,36,28
0022300012,2023-11-10,UTA,MEM,True,127,38,28
0022300016,2023-11-10,OKC,SAC,False,98,38,22
0022300008,2023-11-10,DET,PHI,False,106,48,28
0022300009,2023-11-10,CHA,WAS,True,124,67,31
0022300008,2023-11-10,PHI,DET,True,114,46,23
0022300010,2023-11-10,BKN,BOS,False,107,46,26
0022300013,2023-11-10,MIN,SAS,True,117,51,23
0022300013,2023-11-10,SAS,MIN,False,110,38,29
0022300014,2023-11-10,LAC,DAL,False,126,47,21
0022300171,2023-11-09,IND,MIL,True,126,40,27
0022300172,2023-11-09,ORL,ATL,False,119,47,19
0022300172,2023-11-09,ATL,ORL,True,120,36,22
0022300171,2023-11-09,MIL,IND,False,124,41,23
0022300168,2023-11-08,DAL,TOR,False,116,38,25
0022300166,2023-11-08,MIN,NOP,True,122,48,30
0022300165,2023-11-08,MIL,DET,True,120,36,19
0022300157,2023-11-08,WAS,CHA,True,132,40,26
0022300161,2023-11-08,SAS,NYK,False,105,46,31
0022300170,2023-11-08,SAC,POR,True,121,50,32
0022300159,2023-11-08,BOS,PHI,False,103,43,28
0022300160,2023-11-08,LAC,BKN,False,93,51,22
0022300167,2023-11-08,CLE,OKC,False,120,41,26
0022300159,2023-11-08,PHI,BOS,True,106,56,20
0022300163,2023-11-08,HOU,LAL,True,128,57,26
0022300165,2023-11-08,DET,MIL,False,118,53,28
0022300168,2023-11-08,TOR,DAL,True,127,50,27
0022300157,2023-11-08,CHA,WAS,False,116,47,17
0022300164,2023-11-08,MEM,MIA,False,102,38,20
0022300164,2023-11-08,MIA,MEM,True,108,44,22
0022300162,2023-11-08,PHX,CHI,True,116,54,32
0022300158,2023-11-08,IND,UTA,True,134,46,26
0022300158,2023-11-08,UTA,IND,False,118,47,26
0022300163,2023-11-08,LAL,HOU,False,94,34,20
0022300170,2023-11-08,POR,SAC,False,118,36,26
0022300169,2023-11-08,DEN,GSW,True,108,45,24
0022300162,2023-11-08,CHI,PHX,False,115,39,30
0022300167,2023-11-08,OKC,CLE,True,128,41,23
0022300169,2023-11-08,GSW,DEN,False,105,49,21
0022300160,2023-11-08,BKN,LAC,True,100,49,22
0022300161,2023-11-08,NYK,SAS,True,126,47,28
0022300166,2023-11-08,NOP,MIN,False,101,40,23
0022300149,2023-11-06,MIL,BKN,True,129,48,26
0022300154,2023-11-06,MIN,BOS,True,114,45,26
0022300146,2023-11-06,SAS,IND,False,111,36,26
0022300156,2023-11-06,NOP,DEN,False,116,38,24
0022300146,2023-11-06,IND,SAS,True,152,49,38
0022300145,2023-11-06,DET,GSW,False,109,39,23
0022300154,2023-11-06,BOS,MIN,False,109,45,20
0022300152,2023-11-06,UTA,CHI,False,113,52,32
0022300153,2023-11-06,HOU,SAC,True,122,39,28
0022300156,2023-11-06,DEN,NOP,True,134,45,37
0022300155,2023-11-06,OKC,ATL,True,126,49,27
0022300148,2023-11-06,WAS,PHI,False,128,38,31
0022300150,2023-11-06,LAL,MIA,False,107,38,28
0022300145,2023-11-06,GSW,DET,True,120,44,26
0022300149,2023-11-06,BKN,MIL,False,125,46,22
0022300155,2023-11-06,ATL,OKC,False,117,59,27
0022300151,2023-11-06,NYK,LAC,True,111,48,28
0022300152,2023-11-06,CHI,UTA,True,130,36,26
0022300147,2023-11-06,DAL,ORL,True,117,31,21
0022300150,2023-11-06,MIA,LAL,True,108,44,30
0022300153,2023-11-06,SAC,HOU,False,97,34,22
0022300147,2023-11-06,ORL,DAL,False,102,38,27
0022300148,2023-11-06,PHI,WAS,True,146,45,37
0022300151,2023-11-06,LAC,NYK,False,97,31,21
0022300144,2023-11-05,MEM,POR,True,112,49,27
0022300141,2023-11-05,SAS,TOR,False,116,46,30
0022300143,2023-11-05,DAL,CHA,True,124,47,31
0022300143,2023-11-05,CHA,DAL,False,118,43,30
0022300140,2023-11-05,DET,PHX,False,106,33,25
0022300144,2023-11-05,POR,MEM,False,100,47,23
0022300141,2023-11-05,TOR,SAS,True,123,47,29
0022300142,2023-11-05,CLE,GSW,True,115,54,26
0022300140,2023-11-05,PHX,DET,True,120,43,29
0022300142,2023-11-05,GSW,CLE,False,104,44,26
0022300132,2023-11-04,PHX,PHI,False,100,42,22
0022300135,2023-11-04,ATL,NOP,True,123,52,28
0022300136,2023-11-04,BOS,BKN,True,124,50,22
0022300133,2023-11-04,CHA,IND,True,125,41,23
0022300134,2023-11-04,LAL,ORL,False,101,40,17
0022300138,2023-11-04,UTA,MIN,False,95,39,20
0022300132,2023-11-04,PHI,PHX,True,112,51,24
0022300139,2023-11-04,DEN,CHI,True,123,49,31
0022300137,2023-11-04,HOU,SAC,True,107,53,28
0022300135,2023-11-04,NOP,ATL,False,105,35,24
0022300134,2023-11-04,ORL,LAL,True,120,51,29
0022300138,2023-11-04,MIN,UTA,True,123,43,25
0022300139,2023-11-04,CHI,DEN,False,101,37,28
0022300133,2023-11-04,IND,CHA,False,124,36,31
0022300136,2023-11-04,BKN,BOS,False,114,42,22
0022300137,2023-11-04,SAC,HOU,False,89,43,20
0022300004,2023-11-03,CHI,BKN,False,107,42,21
0022300006,2023-11-03,DEN,DAL,True,125,51,33
0022300007,2023-11-03,MEM,POR,False,113,48,29
0022300005,2023-11-03,GSW,OKC,True,141,38,36
0022300005,2023-11-03,OKC,GSW,False,139,32,26
0022300006,2023-11-03,DAL,DEN,False,114,34,27
0022300001,2023-11-03,CLE,IND,False,116,35,27
0022300001,2023-11-03,IND,CLE,True,121,40,28
0022300002,2023-11-03,MIL,NYK,True,110,41,24
0022300002,2023-11-03,NYK,MIL,False,105,56,18
0022300003,2023-11-03,WAS,MIA,False,114,30,33
0022300007,2023-11-03,POR,MEM,True,115,50,19
0022300004,2023-11-03,BKN,CHI,True,109,39,32
0022300003,2023-11-03,MIA,WAS,True,121,37,35
0022300129,2023-11-02,NOP,DET,True,125,36,27
0022300129,2023-11-02,DET,NOP,False,116,48,30
0022300128,2023-11-02,TOR,PHI,False,99,41,30
0022300128,2023-11-02,PHI,TOR,True,114,46,21
0022300130,2023-11-02,UTA,ORL,False,113,48,27
0022300131,2023-11-02,PHX,SAS,False,121,34,26
0022300131,2023-11-02,SAS,PHX,True,132,41,37
0022300130,2023-11-02,ORL,UTA,True,115,43,27
0022300117,2023-11-01,WAS,ATL,False,121,35,32
0022300123,2023-11-01,MIN,DEN,True,110,47,20
0022300127,2023-11-01,LAL,LAC,True,130,51,28
0022300119,2023-11-01,MIA,BKN,False,105,46,22
0022300116,2023-11-01,TOR,MIL,True,130,50,35
0022300126,2023-11-01,GSW,SAC,True,102,36,32
0022300124,2023-11-01,DAL,CHI,True,114,45,23
0022300125,2023-11-01,MEM,UTA,False,109,42,25
0022300120,2023-11-01,NYK,CLE,False,89,50,18
0022300120,2023-11-01,CLE,NYK,True,95,46,22
0022300122,2023-11-01,HOU,CHA,True,128,38,35
0022300118,2023-11-01,IND,BOS,False,104,31,26
0022300127,2023-11-01,LAC,LAL,False,125,46,22
0022300118,2023-11-01,BOS,IND,True,155,57,27
0022300124,2023-11-01,CHI,DAL,False,105,43,19
0022300116,2023-11-01,MIL,TOR,False,111,29,19
0022300122,2023-11-01,CHA,HOU,False,119,44,21
0022300123,2023-11-01,DEN,MIN,False,89,43,23
0022300126,2023-11-01,SAC,GSW,False,101,48,24
0022300117,2023-11-01,ATL,WAS,True,130,57,26
0022300119,2023-11-01,BKN,MIA,True,109,47,27
0022300115,2023-11-01,POR,DET,True,110,44,23
0022300121,2023-11-01,NOP,OKC,True,110,58,23
0022300115,2023-11-01,DET,POR,False,101,38,24
0022300125,2023-11-01,UTA,MEM,True,133,50,35
0022300121,2023-11-01,OKC,NOP,False,106,49,23
0022300114,2023-10-31,LAC,ORL,True,118,44,29
0022300112,2023-10-31,CLE,NYK,False,91,46,19
0022300114,2023-10-31,ORL,LAC,False,102,40,23
0022300113,2023-10-31,SAS,PHX,True,115,37,25
0022300113,2023-10-31,PHX,SAS,False,114,43,29
0022300112,2023-10-31,NYK,CLE,True,109,48,18
0022300101,2023-10-30,CHA,BKN,False,121,39,33
0022300104,2023-10-30,ATL,MIN,True,127,36,28
0022300105,2023-10-30,POR,TOR,True,99,51,20
0022300107,2023-10-30,MIA,MIL,False,114,40,27
0022300109,2023-10-30,OKC,DET,True,124,44,21
0022300111,2023-10-30,LAL,ORL,True,106,40,28
0022300105,2023-10-30,TOR,POR,False,91,47,19
0022300109,2023-10-30,DET,OKC,False,112,41,31
0022300108,2023-10-30,NOP,GSW,False,102,39,23
0022300110,2023-10-30,UTA,DEN,False,102,51,30
0022300106,2023-10-30,MEM,DAL,False,110,44,22
0022300101,2023-10-30,BKN,CHA,True,133,46,25
0022300108,2023-10-30,GSW,NOP,True,130,64,28
0022300103,2023-10-30,BOS,WAS,True,126,51,31
0022300104,2023-10-30,MIN,ATL,False,113,38,24
0022300106,2023-10-30,DAL,MEM,True,125,48,24
0022300102,2023-10-30,CHI,IND,True,112,44,19
0022300103,2023-10-30,WAS,BOS,False,107,40,26
0022300111,2023-10-30,ORL,LAL,False,103,44,28
0022300107,2023-10-30,MIL,MIA,True,122,43,24
0022300110,2023-10-30,DEN,UTA,True,110,43,32
0022300102,2023-10-30,IND,CHI,False,105,47,26
0022300097,2023-10-29,ATL,MIL,True,127,46,32
0022300095,2023-10-29,DEN,OKC,True,128,48,34
0022300099,2023-10-29,LAC,SAS,True,123,48,23
0022300097,2023-10-29,MIL,ATL,False,110,39,22
0022300098,2023-10-29,POR,PHI,False,98,42,19
0022300099,2023-10-29,SAS,LAC,False,83,37,21
0022300100,2023-10-29,LAL,SAC,False,127,53,27
0022300096,2023-10-29,GSW,HOU,True,106,49,27
0022300100,2023-10-29,SAC,LAL,True,132,47,30
0022300095,2023-10-29,OKC,DEN,False,95,29,22
0022300098,2023-10-29,PHI,POR,True,126,51,28
0022300096,2023-10-29,HOU,GSW,False,95,42,22
0022300093,2023-10-28,MIN,MIA,True,106,47,30
0022300092,2023-10-28,PHI,TOR,True,114,42,25
0022300091,2023-10-28,IND,CLE,True,125,48,36
0022300090,2023-10-28,NOP,NYK,True,96,43,20
0022300091,2023-10-28,CLE,IND,False,113,51,29
0022300088,2023-10-28,DET,CHI,True,118,53,29
0022300089,2023-10-28,MEM,WAS,False,106,45,27
0022300094,2023-10-28,UTA,PHX,False,104,45,26
0022300094,2023-10-28,PHX,UTA,True,126,39,31
0022300092,2023-10-28,TOR,PHI,False,107,41,28
0022300088,2023-10-28,CHI,DET,False,102,33,16
0022300093,2023-10-28,MIA,MIN,False,90,42,24
0022300089,2023-10-28,WAS,MEM,True,113,45,24
0022300090,2023-10-28,NYK,NOP,False,87,59,19
0022300078,2023-10-27,MEM,DEN,False,104,48,22
0022300079,2023-10-27,ATL,NYK,False,120,44,28
0022300084,2023-10-27,DAL,BKN,True,125,40,20
0022300082,2023-10-27,CHI,TOR,True,104,52,18
0022300085,2023-10-27,UTA,LAC,True,120,45,27
0022300085,2023-10-27,LAC,UTA,False,118,36,17
0022300080,2023-10-27,BOS,MIA,True,119,55,20
0022300077,2023-10-27,CHA,DET,False,99,41,20
0022300086,2023-10-27,ORL,POR,True,102,45,22
0022300081,2023-10-27,CLE,OKC,False,105,48,20
0022300077,2023-10-27,DET,CHA,True,111,53,28
0022300081,2023-10-27,OKC,CLE,True,108,47,22
0022300087,2023-10-27,GSW,SAC,True,122,39,32
0022300078,2023-10-27,DEN,MEM,True,108,40,27
0022300082,2023-10-27,TOR,CHI,False,103,53,25
0022300084,2023-10-27,BKN,DAL,False,120,47,30
0022300083,2023-10-27,SAS,HOU,True,126,43,32
0022300086,2023-10-27,POR,ORL,False,97,47,15
0022300079,2023-10-27,NYK,ATL,True,126,45,30
0022300087,2023-10-27,SAC,GSW,False,114,41,24
0022300083,2023-10-27,HOU,SAS,False,122,43,30
0022300080,2023-10-27,MIA,BOS,False,111,45,24
0022300076,2023-10-26,PHX,LAL,False,95,49,16
0022300076,2023-10-26,LAL,PHX,True,100,42,24
0022300075,2023-10-26,MIL,PHI,True,118,43,20
0022300075,2023-10-26,PHI,MIL,False,117,39,25
0022300072,2023-10-25,SAC,UTA,True,130,45,29
0022300067,2023-10-25,BKN,CLE,False,113,50,30
0022300069,2023-10-25,TOR,MIN,True,97,47,27
0022300066,2023-10-25,ORL,HOU,True,116,57,19
0022300070,2023-10-25,OKC,CHI,True,124,43,30
0022300063,2023-10-25,ATL,CHA,False,110,42,24
0022300068,2023-10-25,DET,MIA,False,102,56,28
0022300070,2023-10-25,CHI,OKC,False,104,42,26
0022300067,2023-10-25,CLE,BKN,True,114,38,25
0022300072,2023-10-25,UTA,SAC,False,114,54,22
0022300073,2023-10-25,SAS,DAL,False,119,45,33
0022300071,2023-10-25,MEM,NOP,False,104,37,23
0022300069,2023-10-25,MIN,TOR,False,94,62,20
0022300066,2023-10-25,HOU,ORL,False,86,31,19
0022300065,2023-10-25,BOS,NYK,True,108,46,18
0022300063,2023-10-25,CHA,ATL,True,116,51,34
0022300065,2023-10-25,NYK,BOS,False,104,47,24
0022300071,2023-10-25,NOP,MEM,True,111,52,22
0022300073,2023-10-25,DAL,SAS,True,126,48,24
0022300064,2023-10-25,IND,WAS,True,143,51,38
0022300074,2023-10-25,POR,LAC,False,111,40,20
0022300064,2023-10-25,WAS,IND,False,120,45,28
0022300074,2023-10-25,LAC,POR,True,123,45,36
0022300068,2023-10-25,MIA,DET,True,103,48,22
0022300062,2023-10-24,GSW,PHX,False,104,49,19
0022300061,2023-10-24,DEN,LAL,True,119,42,29
0022300061,2023-10-24,LAL,DEN,False,107,44,23
0022300062,2023-10-24,PHX,GSW,True,108,60,23
0012300067,2023-10-20,ORL,FLA,True,109,39,24
0012300073,2023-10-20,GSW,SAS,False,117,52,28
0012300071,2023-10-20,MIA,HOU,False,104,39,22
0012300068,2023-10-20,PHI,ATL,True,120,40,31
0012300067,2023-10-20,FLA,ORL,False,76,36,17
0012300072,2023-10-20,MEM,MIL,False,116,45,28
0012300069,2023-10-20,WAS,TOR,False,98,42,22
0012300068,2023-10-20,ATL,PHI,False,106,44,30
0012300072,2023-10-20,MIL,MEM,True,124,50,31
0012300071,2023-10-20,HOU,MIA,True,110,48,22
0012300073,2023-10-20,SAS,GSW,True,122,43,36
0012300070,2023-10-20,DET,DAL,False,104,58,29
0012300066,2023-10-20,IND,CLE,True,109,54,26
0012300070,2023-10-20,DAL,DET,True,114,50,30
0012300069,2023-10-20,TOR,WAS,True,134,60,36
0012300066,2023-10-20,CLE,IND,False,104,38,24
0012300061,2023-10-19,CHI,MIN,False,105,34,25
0012300060,2023-10-19,BOS,CHA,True,127,55,34
0012300064,2023-10-19,LAC,DEN,False,90,46,18
0012300062,2023-10-19,DET,OKC,True,118,48,25
0012300064,2023-10-19,DEN,LAC,True,103,47,27
0012300065,2023-10-19,SAC,UTA,True,116,50,28
0012300065,2023-10-19,UTA,SAC,False,113,52,27
0012300063,2023-10-19,PHX,LAL,True,123,50,27
0012300062,2023-10-19,OKC,DET,False,116,45,28
0012300063,2023-10-19,LAL,PHX,False,100,36,19
0012300060,2023-10-19,CHA,BOS,False,99,49,24
0012300061,2023-10-19,MIN,CHI,True,114,42,27
0012300057,2023-10-18,NYK,WAS,False,106,47,20
0012300058,2023-10-18,SAS,HOU,True,117,54,33
0012300057,2023-10-18,WAS,NYK,True,131,47,26
0012300059,2023-10-18,GSW,SAC,True,116,47,31
0012300058,2023-10-18,HOU,SAS,False,103,50,21
0012300056,2023-10-18,BKN,MIA,True,107,43,24
0012300056,2023-10-18,MIA,BKN,False,104,53,27
0012300059,2023-10-18,SAC,GSW,False,115,40,23
0012300055,2023-10-17,LAC,DEN,True,116,49,28
0012300054,2023-10-17,MRA,MIN,False,111,42,21
0012300051,2023-10-17,BOS,NYK,True,123,46,26
0012300054,2023-10-17,MIN,MRA,True,138,45,38
0012300051,2023-10-17,NYK,BOS,False,110,42,25
0012300050,2023-10-17,NOP,ORL,True,104,47,26
0012300050,2023-10-17,ORL,NOP,False,92,39,27
0012300052,2023-10-17,TOR,CHI,True,106,43,21
0012300052,2023-10-17,CHI,TOR,False,102,43,26
0012300055,2023-10-17,DEN,LAC,False,103,40,23
0012300053,2023-10-17,MIL,OKC,False,101,40,24
0012300053,2023-10-17,OKC,MIL,True,124,46,34
0012300048,2023-10-16,UTA,NZB,True,114,47,27
0012300045,2023-10-16,CLE,MRA,True,120,55,30
0012300048,2023-10-16,NZB,UTA,False,94,30,16
0012300044,2023-10-16,IND,ATL,True,116,37,36
0012300044,2023-10-16,ATL,IND,False,112,45,20
0012300049,2023-10-16,POR,PHX,False,106,45,23
0012300046,2023-10-16,PHI,BKN,True,127,46,31
0012300045,2023-10-16,MRA,CLE,False,89,35,18
0012300046,2023-10-16,BKN,PHI,False,119,47,33
0012300047,2023-10-16,HOU,SAS,True,99,51,23
0012300049,2023-10-16,PHX,POR,True,117,47,25
0012300047,2023-10-16,SAS,HOU,False,89,49,21
0012300039,2023-10-15,MIA,MEM,True,132,47,30
0012300041,2023-10-15,LAL,MIL,False,97,47,23
0012300038,2023-10-15,OKC,CHA,False,115,46,30
0012300040,2023-10-15,TOR,CNS,True,134,57,34
0012300038,2023-10-15,CHA,OKC,True,117,43,28
0012300039,2023-10-15,MEM,MIA,False,124,36,25
0012300043,2023-10-15,SAC,GSW,False,115,41,32
0012300042,2023-10-15,CHI,DEN,False,102,43,21
0012300041,2023-10-15,MIL,LAL,True,108,54,25
0012300043,2023-10-15,GSW,SAC,True,121,53,18
0012300040,2023-10-15,CNS,TOR,False,93,42,19
0012300042,2023-10-15,DEN,CHI,True,116,39,25
0012300036,2023-10-14,MIN,NYK,True,121,41,38
0012300035,2023-10-14,NOP,ATL,False,105,37,32
0012300036,2023-10-14,NYK,MIN,False,0,1,1
0012300037,2023-10-14,UTA,POR,True,138,38,33
0012300037,2023-10-14,POR,UTA,False,133,38,24
0012300035,2023-10-14,ATL,NOP,True,110,46,28
0012300036,2023-10-14,NYK,MIN,False,112,39,21
0012300034,2023-10-13,LAL,GSW,False,125,41,30
0012300033,2023-10-13,MIA,SAS,False,104,50,23
0012300034,2023-10-13,GSW,LAL,True,129,43,36
0012300033,2023-10-13,SAS,MIA,True,120,35,29
0012300029,2023-10-12,MRA,BKN,False,103,37,23
0012300031,2023-10-12,NOP,HOU,False,87,36,21
0012300030,2023-10-12,DEN,CHI,False,124,39,35
0012300026,2023-10-12,CLE,ORL,False,105,45,28
0012300031,2023-10-12,HOU,NOP,True,120,48,34
0012300028,2023-10-12,ATL,MEM,True,103,41,29
0012300029,2023-10-12,BKN,MRA,True,135,56,29
0012300025,2023-10-12,CHA,WAS,False,92,66,19
0012300025,2023-10-12,WAS,CHA,True,98,48,23
0012300032,2023-10-12,POR,PHX,False,111,35,28
0012300027,2023-10-12,OKC,DET,False,125,39,25
0012300028,2023-10-12,MEM,ATL,False,102,51,28
0012300030,2023-10-12,CHI,DEN,True,133,56,34
0012300026,2023-10-12,ORL,CLE,True,108,39,27
0012300027,2023-10-12,DET,OKC,True,128,50,26
0012300032,2023-10-12,PHX,POR,True,122,44,27
0012300023,2023-10-11,PHI,BOS,False,101,37,24
0012300024,2023-10-11,LAL,SAC,True,109,47,25
0012300024,2023-10-11,SAC,LAL,False,101,45,30
0012300023,2023-10-11,BOS,PHI,True,112,47,24
0012300020,2023-10-10,UTA,LAC,False,98,48,23
0012300022,2023-10-10,POR,NZB,True,106,54,26
0012300017,2023-10-10,IND,HOU,False,103,46,26
0012300014,2023-10-10,WAS,CNS,True,145,48,32
0012300014,2023-10-10,CNS,WAS,False,82,38,18
0012300015,2023-10-10,CLE,ATL,False,107,40,30
0012300016,2023-10-10,MIA,CHA,True,113,51,23
0012300021,2023-10-10,DEN,PHX,True,115,37,32
0012300020,2023-10-10,LAC,UTA,True,103,51,22
0012300019,2023-10-10,ORL,NOP,True,122,53,29
0012300021,2023-10-10,PHX,DEN,False,107,38,29
0012300019,2023-10-10,NOP,ORL,False,105,54,20
0012300015,2023-10-10,ATL,CLE,True,108,50,22
0012300017,2023-10-10,HOU,IND,True,122,56,23
0012300018,2023-10-10,MIL,MEM,False,102,56,22
0012300018,2023-10-10,MEM,MIL,True,108,49,27
0012300013,2023-10-10,DAL,RMD,False,123,41,24
0012300013,2023-10-10,RMD,DAL,True,127,52,28
0012300016,2023-10-10,CHA,MIA,False,109,52,19
0012300022,2023-10-10,NZB,POR,False,66,40,14
0012300012,2023-10-09,BKN,LAL,False,126,44,19
0012300010,2023-10-09,NYK,BOS,True,114,39,24
0012300011,2023-10-09,SAS,OKC,False,121,48,29
0012300011,2023-10-09,OKC,SAS,True,122,52,26
0012300012,2023-10-09,LAL,BKN,True,129,48,25
0012300010,2023-10-09,BOS,NYK,False,107,50,19
0012300005,2023-10-08,PHX,DET,True,130,50,27
0012300004,2023-10-08,CHI,MIL,False,102,47,24
0012300007,2023-10-08,MEM,IND,True,127,47,27
0012300009,2023-10-08,LAC,UTA,False,96,42,18
0012300007,2023-10-08,IND,MEM,False,122,56,30
0012300006,2023-10-08,BOS,PHI,True,114,49,19
0012300008,2023-10-08,TOR,SAC,True,112,48,30
0012300004,2023-10-08,MIL,CHI,True,105,46,28
0012300005,2023-10-08,DET,PHX,False,126,49,33
0012300009,2023-10-08,UTA,LAC,True,101,51,22
0012300008,2023-10-08,SAC,TOR,False,99,34,29
0012300006,2023-10-08,PHI,BOS,False,106,48,19
0012300003,2023-10-07,LAL,GSW,False,108,46,21
0012300002,2023-10-07,DAL,MIN,False,96,51,19
0012300002,2023-10-07,MIN,DAL,True,104,46,25
0012300003,2023-10-07,GSW,LAL,True,125,61,27
0012300001,2023-10-05,DAL,MIN,False,99,42,18
0012300001,2023-10-05,MIN,DAL,True,111,56,28
